HS4 ID,HS4,HS2 ID,HS2,Section ID,Section
10101,Horses,101,Live animals,1,Animal Products
10102,Bovine,101,Live animals,1,Animal Products
10103,Pigs,101,Live animals,1,Animal Products
10104,Sheep and Goats,101,Live animals,1,Animal Products
10105,Poultry,101,Live animals,1,Animal Products
10106,Other Animals,101,Live animals,1,Animal Products
10201,Bovine Meat,102,Meat & edible offal,1,Animal Products
10202,Frozen Bovine Meat,102,Meat & edible offal,1,Animal Products
10203,Pig Meat,102,Meat & edible offal,1,Animal Products
10204,Sheep and Goat Meat,102,Meat & edible offal,1,Animal Products
10205,Horse Meat,102,Meat & edible offal,1,Animal Products
10206,Edible Offal,102,Meat & edible offal,1,Animal Products
10207,Poultry Meat,102,Meat & edible offal,1,Animal Products
10208,Other Meat,102,Meat & edible offal,1,Animal Products
10209,Animal Fat,102,Meat & edible offal,1,Animal Products
10210,Preserved Meat,102,Meat & edible offal,1,Animal Products
10301,Live Fish,103,"Fish, crustaceans, & molluscs",1,Animal Products
10302,Non-fillet Fresh Fish,103,"Fish, crustaceans, & molluscs",1,Animal Products
10303,Non-fillet Frozen Fish,103,"Fish, crustaceans, & molluscs",1,Animal Products
10304,Fish Fillets,103,"Fish, crustaceans, & molluscs",1,Animal Products
10305,"Fish: dried, salted, smoked or in brine",103,"Fish, crustaceans, & molluscs",1,Animal Products
10306,Crustaceans,103,"Fish, crustaceans, & molluscs",1,Animal Products
10307,Molluscs,103,"Fish, crustaceans, & molluscs",1,Animal Products
10401,Milk,104,"Edible products of animal origin, n.e.s.",1,Animal Products
10402,Concentrated Milk,104,"Edible products of animal origin, n.e.s.",1,Animal Products
10403,Fermented Milk Products,104,"Edible products of animal origin, n.e.s.",1,Animal Products
10404,Whey and other milk products,104,"Edible products of animal origin, n.e.s.",1,Animal Products
10405,Butter,104,"Edible products of animal origin, n.e.s.",1,Animal Products
10406,Cheese,104,"Edible products of animal origin, n.e.s.",1,Animal Products
10407,Eggs,104,"Edible products of animal origin, n.e.s.",1,Animal Products
10408,Processed Egg Products,104,"Edible products of animal origin, n.e.s.",1,Animal Products
10409,Honey,104,"Edible products of animal origin, n.e.s.",1,Animal Products
10410,Other Edible Animal Products,104,"Edible products of animal origin, n.e.s.",1,Animal Products
10501,Human Hair,105,"Animal originated products, n.e.s.",1,Animal Products
10502,Pig Hair,105,"Animal originated products, n.e.s.",1,Animal Products
10503,Horsehair Waste,105,"Animal originated products, n.e.s.",1,Animal Products
10504,Animal Organs,105,"Animal originated products, n.e.s.",1,Animal Products
10505,Bird Feathers and Skins,105,"Animal originated products, n.e.s.",1,Animal Products
10506,Processed Bones,105,"Animal originated products, n.e.s.",1,Animal Products
10507,Raw Bones,105,"Animal originated products, n.e.s.",1,Animal Products
10508,Coral and Shells,105,"Animal originated products, n.e.s.",1,Animal Products
10509,Natural Sponges,105,"Animal originated products, n.e.s.",1,Animal Products
10510,Pharmaceutical Animal Products,105,"Animal originated products, n.e.s.",1,Animal Products
10511,Other Inedible Animal Products,105,"Animal originated products, n.e.s.",1,Animal Products
20601,Bulbs and Roots,206,"Live trees, plants, bulbs, cut flowers, & ornamental foliage",2,Vegetable Products
20602,"Other live plants, cuttings and slips;
mushroom spawn",206,"Live trees, plants, bulbs, cut flowers, & ornamental foliage",2,Vegetable Products
20603,Cut Flowers,206,"Live trees, plants, bulbs, cut flowers, & ornamental foliage",2,Vegetable Products
20604,Plant foliage,206,"Live trees, plants, bulbs, cut flowers, & ornamental foliage",2,Vegetable Products
20701,Potatoes,207,"Edible vegetables, roots, & tubers",2,Vegetable Products
20702,Tomatoes,207,"Edible vegetables, roots, & tubers",2,Vegetable Products
20703,Onions,207,"Edible vegetables, roots, & tubers",2,Vegetable Products
20704,Cabbages,207,"Edible vegetables, roots, & tubers",2,Vegetable Products
20705,Lettuce,207,"Edible vegetables, roots, & tubers",2,Vegetable Products
20706,Root Vegetables,207,"Edible vegetables, roots, & tubers",2,Vegetable Products
20707,Cucumbers,207,"Edible vegetables, roots, & tubers",2,Vegetable Products
20708,Legumes,207,"Edible vegetables, roots, & tubers",2,Vegetable Products
20709,Other Vegetables,207,"Edible vegetables, roots, & tubers",2,Vegetable Products
20710,Frozen Vegetables,207,"Edible vegetables, roots, & tubers",2,Vegetable Products
20711,Preserved Vegetables,207,"Edible vegetables, roots, & tubers",2,Vegetable Products
20712,Dried Vegetables,207,"Edible vegetables, roots, & tubers",2,Vegetable Products
20713,Dried Legumes,207,"Edible vegetables, roots, & tubers",2,Vegetable Products
20714,Cassava,207,"Edible vegetables, roots, & tubers",2,Vegetable Products
20801,"Coconuts, Brazil Nuts, and Cashews",208,"Edible fruits, nuts & fruit peels",2,Vegetable Products
20802,Other Nuts,208,"Edible fruits, nuts & fruit peels",2,Vegetable Products
20803,Bananas,208,"Edible fruits, nuts & fruit peels",2,Vegetable Products
20804,Tropical Fruits,208,"Edible fruits, nuts & fruit peels",2,Vegetable Products
20805,Citrus,208,"Edible fruits, nuts & fruit peels",2,Vegetable Products
20806,Grapes,208,"Edible fruits, nuts & fruit peels",2,Vegetable Products
20807,Melons,208,"Edible fruits, nuts & fruit peels",2,Vegetable Products
20808,Apples and Pears,208,"Edible fruits, nuts & fruit peels",2,Vegetable Products
20809,Pitted Fruits,208,"Edible fruits, nuts & fruit peels",2,Vegetable Products
20810,Other Fruits,208,"Edible fruits, nuts & fruit peels",2,Vegetable Products
20811,Frozen Fruits and Nuts,208,"Edible fruits, nuts & fruit peels",2,Vegetable Products
20812,Preserved Fruits and Nuts,208,"Edible fruits, nuts & fruit peels",2,Vegetable Products
20813,Dried Fruits,208,"Edible fruits, nuts & fruit peels",2,Vegetable Products
20814,Citrus and Melon Peels,208,"Edible fruits, nuts & fruit peels",2,Vegetable Products
20901,Coffee,209,"Coffee, tea, mate & spices",2,Vegetable Products
20902,Tea,209,"Coffee, tea, mate & spices",2,Vegetable Products
20903,Mate,209,"Coffee, tea, mate & spices",2,Vegetable Products
20904,Pepper,209,"Coffee, tea, mate & spices",2,Vegetable Products
20905,Vanilla,209,"Coffee, tea, mate & spices",2,Vegetable Products
20906,Cinnamon,209,"Coffee, tea, mate & spices",2,Vegetable Products
20907,Cloves,209,"Coffee, tea, mate & spices",2,Vegetable Products
20908,"Nutmeg, mace and cardamons",209,"Coffee, tea, mate & spices",2,Vegetable Products
20909,Spice Seeds,209,"Coffee, tea, mate & spices",2,Vegetable Products
20910,Spices,209,"Coffee, tea, mate & spices",2,Vegetable Products
21001,Wheat,210,Cereals,2,Vegetable Products
21002,Rye,210,Cereals,2,Vegetable Products
21003,Barley,210,Cereals,2,Vegetable Products
21004,Oats,210,Cereals,2,Vegetable Products
21005,Corn,210,Cereals,2,Vegetable Products
21006,Rice,210,Cereals,2,Vegetable Products
21007,Sorghum,210,Cereals,2,Vegetable Products
21008,Buckwheat,210,Cereals,2,Vegetable Products
21101,Wheat Flours,211,Products of the milling industry,2,Vegetable Products
21102,Cereal Flours,211,Products of the milling industry,2,Vegetable Products
21103,Cereal Meal and Pellets,211,Products of the milling industry,2,Vegetable Products
21104,Processed Cereals,211,Products of the milling industry,2,Vegetable Products
21105,Potato Flours,211,Products of the milling industry,2,Vegetable Products
21106,Legume Flours,211,Products of the milling industry,2,Vegetable Products
21107,Malt,211,Products of the milling industry,2,Vegetable Products
21108,Starches,211,Products of the milling industry,2,Vegetable Products
21109,Wheat Gluten,211,Products of the milling industry,2,Vegetable Products
21201,Soybeans,212,"Oils seeds, oleaginous fruits, grains, straw & fodder",2,Vegetable Products
21202,Ground Nuts,212,"Oils seeds, oleaginous fruits, grains, straw & fodder",2,Vegetable Products
21203,Copra,212,"Oils seeds, oleaginous fruits, grains, straw & fodder",2,Vegetable Products
21204,Linseed,212,"Oils seeds, oleaginous fruits, grains, straw & fodder",2,Vegetable Products
21205,Rapeseed,212,"Oils seeds, oleaginous fruits, grains, straw & fodder",2,Vegetable Products
21206,Sunflower Seeds,212,"Oils seeds, oleaginous fruits, grains, straw & fodder",2,Vegetable Products
21207,Other Oily Seeds,212,"Oils seeds, oleaginous fruits, grains, straw & fodder",2,Vegetable Products
21208,Oil Seed Flower,212,"Oils seeds, oleaginous fruits, grains, straw & fodder",2,Vegetable Products
21209,Sowing Seeds,212,"Oils seeds, oleaginous fruits, grains, straw & fodder",2,Vegetable Products
21210,Hops,212,"Oils seeds, oleaginous fruits, grains, straw & fodder",2,Vegetable Products
21211,Perfume Plants,212,"Oils seeds, oleaginous fruits, grains, straw & fodder",2,Vegetable Products
21212,"Locust beans, seaweed, sugar beet, cane, for food",212,"Oils seeds, oleaginous fruits, grains, straw & fodder",2,Vegetable Products
21213,Cereal Straws,212,"Oils seeds, oleaginous fruits, grains, straw & fodder",2,Vegetable Products
21214,Forage Crops,212,"Oils seeds, oleaginous fruits, grains, straw & fodder",2,Vegetable Products
21301,Insect Resins,213,"Natural gums, resins & other vegetable extracts",2,Vegetable Products
21302,Vegetable Saps,213,"Natural gums, resins & other vegetable extracts",2,Vegetable Products
21401,Vegetable Plaiting Materials,214,"Vegetable plaiting materials & products, n.e.s.",2,Vegetable Products
21402,Vegetable Stuffing Materials,214,"Vegetable plaiting materials & products, n.e.s.",2,Vegetable Products
21403,Vegetable material for brooms and brushes,214,"Vegetable plaiting materials & products, n.e.s.",2,Vegetable Products
21404,Other Vegetable Products,214,"Vegetable plaiting materials & products, n.e.s.",2,Vegetable Products
31501,Pig and Poultry Fat,315,"Animal or vegetable fats, oils, & waxes",3,Animal and Vegetable Bi-Products
31502,"Bovine, Sheep, and Goat Fat",315,"Animal or vegetable fats, oils, & waxes",3,Animal and Vegetable Bi-Products
31503,Lard stearin and oils,315,"Animal or vegetable fats, oils, & waxes",3,Animal and Vegetable Bi-Products
31504,Fish oil,315,"Animal or vegetable fats, oils, & waxes",3,Animal and Vegetable Bi-Products
31505,Wool Grease,315,"Animal or vegetable fats, oils, & waxes",3,Animal and Vegetable Bi-Products
31506,Other Animal Fats,315,"Animal or vegetable fats, oils, & waxes",3,Animal and Vegetable Bi-Products
31507,Soybean Oil,315,"Animal or vegetable fats, oils, & waxes",3,Animal and Vegetable Bi-Products
31508,Ground Nut Oil,315,"Animal or vegetable fats, oils, & waxes",3,Animal and Vegetable Bi-Products
31509,Pure Olive Oil,315,"Animal or vegetable fats, oils, & waxes",3,Animal and Vegetable Bi-Products
31510,Olive Oil,315,"Animal or vegetable fats, oils, & waxes",3,Animal and Vegetable Bi-Products
31511,Palm Oil,315,"Animal or vegetable fats, oils, & waxes",3,Animal and Vegetable Bi-Products
31512,Seed Oils,315,"Animal or vegetable fats, oils, & waxes",3,Animal and Vegetable Bi-Products
31513,Coconut Oil,315,"Animal or vegetable fats, oils, & waxes",3,Animal and Vegetable Bi-Products
31514,Rapeseed Oil,315,"Animal or vegetable fats, oils, & waxes",3,Animal and Vegetable Bi-Products
31515,Other Pure Vegetable Oils,315,"Animal or vegetable fats, oils, & waxes",3,Animal and Vegetable Bi-Products
31516,Other Vegetable Oils,315,"Animal or vegetable fats, oils, & waxes",3,Animal and Vegetable Bi-Products
31517,Margarine,315,"Animal or vegetable fats, oils, & waxes",3,Animal and Vegetable Bi-Products
31518,Inedible Fats and Oils,315,"Animal or vegetable fats, oils, & waxes",3,Animal and Vegetable Bi-Products
31519,Stearic Acid,315,"Animal or vegetable fats, oils, & waxes",3,Animal and Vegetable Bi-Products
31520,Glycerol,315,"Animal or vegetable fats, oils, & waxes",3,Animal and Vegetable Bi-Products
31521,Vegetable waxes and beeswax,315,"Animal or vegetable fats, oils, & waxes",3,Animal and Vegetable Bi-Products
31522,Fat and Oil Residues,315,"Animal or vegetable fats, oils, & waxes",3,Animal and Vegetable Bi-Products
41601,Sausages,416,"Preparations of fish, crustacenas, & molluscs",4,Foodstuffs
41602,Other Prepared Meat,416,"Preparations of fish, crustacenas, & molluscs",4,Foodstuffs
41603,Animal Extracts,416,"Preparations of fish, crustacenas, & molluscs",4,Foodstuffs
41604,Processed Fish,416,"Preparations of fish, crustacenas, & molluscs",4,Foodstuffs
41605,Processed Crustaceans,416,"Preparations of fish, crustacenas, & molluscs",4,Foodstuffs
41701,Raw Sugar,417,Sugars & confectioneries,4,Foodstuffs
41702,Other Sugars,417,Sugars & confectioneries,4,Foodstuffs
41703,Molasses,417,Sugars & confectioneries,4,Foodstuffs
41704,Confectionery Sugar,417,Sugars & confectioneries,4,Foodstuffs
41801,Cocoa Beans,418,Cocoa & cocoa preparations,4,Foodstuffs
41802,Cocoa Shells,418,Cocoa & cocoa preparations,4,Foodstuffs
41803,Cocoa Paste,418,Cocoa & cocoa preparations,4,Foodstuffs
41804,Cocoa Butter,418,Cocoa & cocoa preparations,4,Foodstuffs
41805,Cocoa Powder,418,Cocoa & cocoa preparations,4,Foodstuffs
41806,Chocolate,418,Cocoa & cocoa preparations,4,Foodstuffs
41901,Malt Extract,419,"Preparations of cereals, flour, starch or milk",4,Foodstuffs
41902,Pasta,419,"Preparations of cereals, flour, starch or milk",4,Foodstuffs
41903,Tapioca,419,"Preparations of cereals, flour, starch or milk",4,Foodstuffs
41904,Prepared Cereals,419,"Preparations of cereals, flour, starch or milk",4,Foodstuffs
41905,Baked Goods,419,"Preparations of cereals, flour, starch or milk",4,Foodstuffs
42001,Pickled Foods,420,"Preparations of vegetables, fruit, nuts or other plant parts",4,Foodstuffs
42002,Processed Tomatoes,420,"Preparations of vegetables, fruit, nuts or other plant parts",4,Foodstuffs
42003,Processed Mushrooms,420,"Preparations of vegetables, fruit, nuts or other plant parts",4,Foodstuffs
42004,Other Frozen Vegetables,420,"Preparations of vegetables, fruit, nuts or other plant parts",4,Foodstuffs
42005,Other Processed Vegetables,420,"Preparations of vegetables, fruit, nuts or other plant parts",4,Foodstuffs
42006,Sugar Preserved Foods,420,"Preparations of vegetables, fruit, nuts or other plant parts",4,Foodstuffs
42007,Jams,420,"Preparations of vegetables, fruit, nuts or other plant parts",4,Foodstuffs
42008,Other Processed Fruits and Nuts,420,"Preparations of vegetables, fruit, nuts or other plant parts",4,Foodstuffs
42009,Fruit Juice,420,"Preparations of vegetables, fruit, nuts or other plant parts",4,Foodstuffs
42101,Coffee and Tea Extracts,421,Miscellaneous edible preparations,4,Foodstuffs
42102,Yeast,421,Miscellaneous edible preparations,4,Foodstuffs
42103,Sauces and Seasonings,421,Miscellaneous edible preparations,4,Foodstuffs
42104,Soups and Broths,421,Miscellaneous edible preparations,4,Foodstuffs
42105,Ice Cream,421,Miscellaneous edible preparations,4,Foodstuffs
42106,Other Edible Preparations,421,Miscellaneous edible preparations,4,Foodstuffs
42201,Water,422,"Beverages, spirits, & vinegar",4,Foodstuffs
42202,Flavored Water,422,"Beverages, spirits, & vinegar",4,Foodstuffs
42203,Beer,422,"Beverages, spirits, & vinegar",4,Foodstuffs
42204,Wine,422,"Beverages, spirits, & vinegar",4,Foodstuffs
42205,Vermouth,422,"Beverages, spirits, & vinegar",4,Foodstuffs
42206,Other Fermented Beverages,422,"Beverages, spirits, & vinegar",4,Foodstuffs
42207,Alcohol > 80% ABV,422,"Beverages, spirits, & vinegar",4,Foodstuffs
42208,Hard Liquor,422,"Beverages, spirits, & vinegar",4,Foodstuffs
42209,Vinegar,422,"Beverages, spirits, & vinegar",4,Foodstuffs
42301,Animal Meal and Pellets,423,Food residues & wastes; animal fodder,4,Foodstuffs
42302,Bran,423,Food residues & wastes; animal fodder,4,Foodstuffs
42303,Starch Residue,423,Food residues & wastes; animal fodder,4,Foodstuffs
42304,Soybean Meal,423,Food residues & wastes; animal fodder,4,Foodstuffs
42305,Ground Nut Meal,423,Food residues & wastes; animal fodder,4,Foodstuffs
42306,Other Vegetable Residues,423,Food residues & wastes; animal fodder,4,Foodstuffs
42307,Wine Lees,423,Food residues & wastes; animal fodder,4,Foodstuffs
42308,Other Vegetable Residues and Waste,423,Food residues & wastes; animal fodder,4,Foodstuffs
42309,Animal Food,423,Food residues & wastes; animal fodder,4,Foodstuffs
42401,Raw Tobacco,424,Tobacco & substitutes,4,Foodstuffs
42402,Rolled Tobacco,424,Tobacco & substitutes,4,Foodstuffs
42403,Processed Tobacco,424,Tobacco & substitutes,4,Foodstuffs
52501,Salt,525,"Salt, sulphur, cement, lime, stone, & plaster",5,Mineral Products
52502,Iron Pyrites,525,"Salt, sulphur, cement, lime, stone, & plaster",5,Mineral Products
52503,Sulphur,525,"Salt, sulphur, cement, lime, stone, & plaster",5,Mineral Products
52504,Graphite,525,"Salt, sulphur, cement, lime, stone, & plaster",5,Mineral Products
52505,Sand,525,"Salt, sulphur, cement, lime, stone, & plaster",5,Mineral Products
52506,Quartz,525,"Salt, sulphur, cement, lime, stone, & plaster",5,Mineral Products
52507,Kaolin,525,"Salt, sulphur, cement, lime, stone, & plaster",5,Mineral Products
52508,Clays,525,"Salt, sulphur, cement, lime, stone, & plaster",5,Mineral Products
52509,Chalk,525,"Salt, sulphur, cement, lime, stone, & plaster",5,Mineral Products
52510,Calcium Phosphates,525,"Salt, sulphur, cement, lime, stone, & plaster",5,Mineral Products
52511,Barium Sulphate,525,"Salt, sulphur, cement, lime, stone, & plaster",5,Mineral Products
52512,Siliceous Fossil Meals,525,"Salt, sulphur, cement, lime, stone, & plaster",5,Mineral Products
52513,Pumice,525,"Salt, sulphur, cement, lime, stone, & plaster",5,Mineral Products
52514,Slate,525,"Salt, sulphur, cement, lime, stone, & plaster",5,Mineral Products
52515,"Marble, Travertine and Alabaster",525,"Salt, sulphur, cement, lime, stone, & plaster",5,Mineral Products
52516,Granite,525,"Salt, sulphur, cement, lime, stone, & plaster",5,Mineral Products
52517,Gravel and Crushed Stone,525,"Salt, sulphur, cement, lime, stone, & plaster",5,Mineral Products
52518,Dolomite,525,"Salt, sulphur, cement, lime, stone, & plaster",5,Mineral Products
52519,Magnesium Carbonate,525,"Salt, sulphur, cement, lime, stone, & plaster",5,Mineral Products
52520,Gypsum,525,"Salt, sulphur, cement, lime, stone, & plaster",5,Mineral Products
52521,Limestone,525,"Salt, sulphur, cement, lime, stone, & plaster",5,Mineral Products
52522,Quicklime,525,"Salt, sulphur, cement, lime, stone, & plaster",5,Mineral Products
52523,Cement,525,"Salt, sulphur, cement, lime, stone, & plaster",5,Mineral Products
52524,Asbestos,525,"Salt, sulphur, cement, lime, stone, & plaster",5,Mineral Products
52525,Mica,525,"Salt, sulphur, cement, lime, stone, & plaster",5,Mineral Products
52526,Soapstone,525,"Salt, sulphur, cement, lime, stone, & plaster",5,Mineral Products
52527,"Natural cryolite, natural chiolite",525,"Salt, sulphur, cement, lime, stone, & plaster",5,Mineral Products
52528,Borax,525,"Salt, sulphur, cement, lime, stone, & plaster",5,Mineral Products
52529,Feldspar,525,"Salt, sulphur, cement, lime, stone, & plaster",5,Mineral Products
52530,Other Mineral,525,"Salt, sulphur, cement, lime, stone, & plaster",5,Mineral Products
52601,Iron Ore,526,"Ores, slag and ash",5,Mineral Products
52602,Manganese Ore,526,"Ores, slag and ash",5,Mineral Products
52603,Copper Ore,526,"Ores, slag and ash",5,Mineral Products
52604,Nickel Ore,526,"Ores, slag and ash",5,Mineral Products
52605,Cobalt Ore,526,"Ores, slag and ash",5,Mineral Products
52606,Aluminium Ore,526,"Ores, slag and ash",5,Mineral Products
52607,Lead Ore,526,"Ores, slag and ash",5,Mineral Products
52608,Zinc Ore,526,"Ores, slag and ash",5,Mineral Products
52609,Tin Ores,526,"Ores, slag and ash",5,Mineral Products
52610,Chromium Ore,526,"Ores, slag and ash",5,Mineral Products
52611,Tungsten Ore,526,"Ores, slag and ash",5,Mineral Products
52612,Uranium and Thorium Ore,526,"Ores, slag and ash",5,Mineral Products
52613,Molybdenum Ore,526,"Ores, slag and ash",5,Mineral Products
52614,Titanium Ore,526,"Ores, slag and ash",5,Mineral Products
52615,"Niobium, Tantalum, Vanadium and Zirconium Ore",526,"Ores, slag and ash",5,Mineral Products
52616,Precious Metal Ore,526,"Ores, slag and ash",5,Mineral Products
52617,Other Ores,526,"Ores, slag and ash",5,Mineral Products
52618,Granulated Slag,526,"Ores, slag and ash",5,Mineral Products
52619,Slag Dross,526,"Ores, slag and ash",5,Mineral Products
52620,"Non-Iron and Steel Slag, Ash and Residues",526,"Ores, slag and ash",5,Mineral Products
52621,Other Slag and Ash,526,"Ores, slag and ash",5,Mineral Products
52701,Coal Briquettes,527,"Mineral fuels, mineral oils and products of their distillation",5,Mineral Products
52702,Lignite,527,"Mineral fuels, mineral oils and products of their distillation",5,Mineral Products
52703,Peat,527,"Mineral fuels, mineral oils and products of their distillation",5,Mineral Products
52704,Coke,527,"Mineral fuels, mineral oils and products of their distillation",5,Mineral Products
52705,Non-Petroleum Gas,527,"Mineral fuels, mineral oils and products of their distillation",5,Mineral Products
52706,Tar,527,"Mineral fuels, mineral oils and products of their distillation",5,Mineral Products
52707,Coal Tar Oil,527,"Mineral fuels, mineral oils and products of their distillation",5,Mineral Products
52708,Pitch Coke,527,"Mineral fuels, mineral oils and products of their distillation",5,Mineral Products
52709,Crude Petroleum,527,"Mineral fuels, mineral oils and products of their distillation",5,Mineral Products
52710,Refined Petroleum,527,"Mineral fuels, mineral oils and products of their distillation",5,Mineral Products
52711,Petroleum Gas,527,"Mineral fuels, mineral oils and products of their distillation",5,Mineral Products
52712,Petroleum Jelly,527,"Mineral fuels, mineral oils and products of their distillation",5,Mineral Products
52713,Petroleum Coke,527,"Mineral fuels, mineral oils and products of their distillation",5,Mineral Products
52714,Bitumen and asphalt,527,"Mineral fuels, mineral oils and products of their distillation",5,Mineral Products
52715,Asphalt Mixtures,527,"Mineral fuels, mineral oils and products of their distillation",5,Mineral Products
52716,Electricity,527,"Mineral fuels, mineral oils and products of their distillation",5,Mineral Products
62801,Halogens,628,Inorganic chemicals,6,Chemical Products
62802,Sulfur,628,Inorganic chemicals,6,Chemical Products
62803,Carbon,628,Inorganic chemicals,6,Chemical Products
62804,Hydrogen,628,Inorganic chemicals,6,Chemical Products
62805,Alkaline Metals,628,Inorganic chemicals,6,Chemical Products
62806,Hydrochloric Acid,628,Inorganic chemicals,6,Chemical Products
62807,Sulfuric Acid,628,Inorganic chemicals,6,Chemical Products
62808,Nitric Acids,628,Inorganic chemicals,6,Chemical Products
62809,Phosphoric Acid,628,Inorganic chemicals,6,Chemical Products
62810,Boron,628,Inorganic chemicals,6,Chemical Products
62811,Other Inorganic Acids,628,Inorganic chemicals,6,Chemical Products
62812,Halides,628,Inorganic chemicals,6,Chemical Products
62813,Nonmetal Sulfides,628,Inorganic chemicals,6,Chemical Products
62814,Ammonia,628,Inorganic chemicals,6,Chemical Products
62815,Sodium or Potassium Peroxides,628,Inorganic chemicals,6,Chemical Products
62816,Magnesium Hydroxide and Peroxide,628,Inorganic chemicals,6,Chemical Products
62817,Zinc Oxide and Peroxide,628,Inorganic chemicals,6,Chemical Products
62818,Aluminium Oxide,628,Inorganic chemicals,6,Chemical Products
62819,Chromium Oxides and Hydroxides,628,Inorganic chemicals,6,Chemical Products
62820,Manganese Oxides,628,Inorganic chemicals,6,Chemical Products
62821,Iron Oxides and Hydroxides,628,Inorganic chemicals,6,Chemical Products
62822,Cobalt Oxides and Hydroxides,628,Inorganic chemicals,6,Chemical Products
62823,Titanium Oxides,628,Inorganic chemicals,6,Chemical Products
62824,Lead Oxides,628,Inorganic chemicals,6,Chemical Products
62825,Inorganic Salts,628,Inorganic chemicals,6,Chemical Products
62826,Fluorides,628,Inorganic chemicals,6,Chemical Products
62827,Chlorides,628,Inorganic chemicals,6,Chemical Products
62828,Hypochlorites,628,Inorganic chemicals,6,Chemical Products
62829,Chlorates and Perchlorates,628,Inorganic chemicals,6,Chemical Products
62830,Sulfides,628,Inorganic chemicals,6,Chemical Products
62831,Dithionites and Sulfoxylates,628,Inorganic chemicals,6,Chemical Products
62832,Sulfites,628,Inorganic chemicals,6,Chemical Products
62833,Sulfates,628,Inorganic chemicals,6,Chemical Products
62834,Nitrites and Nitrates,628,Inorganic chemicals,6,Chemical Products
62835,Phosphinates (hypophosphites) and phosphonates (phosphites),628,Inorganic chemicals,6,Chemical Products
62836,Carbonates,628,Inorganic chemicals,6,Chemical Products
62837,Cyanides,628,Inorganic chemicals,6,Chemical Products
62838,Fulminates,628,Inorganic chemicals,6,Chemical Products
62839,Silicates,628,Inorganic chemicals,6,Chemical Products
62840,Borates,628,Inorganic chemicals,6,Chemical Products
62841,Oxometallic or Peroxometallic Acid Salts,628,Inorganic chemicals,6,Chemical Products
62842,Other Inorganic Acids Salts,628,Inorganic chemicals,6,Chemical Products
62843,Precious Metal Compounds,628,Inorganic chemicals,6,Chemical Products
62844,Radioactive Chemicals,628,Inorganic chemicals,6,Chemical Products
62845,Other Isotopes,628,Inorganic chemicals,6,Chemical Products
62846,Rare-Earth Metal Compounds,628,Inorganic chemicals,6,Chemical Products
62847,Hydrogen peroxide,628,Inorganic chemicals,6,Chemical Products
62848,Phosphides,628,Inorganic chemicals,6,Chemical Products
62849,Carbides,628,Inorganic chemicals,6,Chemical Products
62850,Hydrides and other anions,628,Inorganic chemicals,6,Chemical Products
62851,Inorganic Compounds,628,Inorganic chemicals,6,Chemical Products
62901,Acyclic Hydrocarbons,629,Organic chemicals,6,Chemical Products
62902,Cyclic Hydrocarbons,629,Organic chemicals,6,Chemical Products
62903,Halogenated Hydrocarbons,629,Organic chemicals,6,Chemical Products
62904,"Sulfonated, Nitrated or Nitrosated Hydrocarbons",629,Organic chemicals,6,Chemical Products
62905,Acyclic Alcohols,629,Organic chemicals,6,Chemical Products
62906,Cyclic Alcohols,629,Organic chemicals,6,Chemical Products
62907,Phenols,629,Organic chemicals,6,Chemical Products
62908,Phenol Derivatives,629,Organic chemicals,6,Chemical Products
62909,Ethers,629,Organic chemicals,6,Chemical Products
62910,Epoxides,629,Organic chemicals,6,Chemical Products
62911,Acetals and Hemiacetals,629,Organic chemicals,6,Chemical Products
62912,Aldehydes,629,Organic chemicals,6,Chemical Products
62913,Aldehyde Derivatives,629,Organic chemicals,6,Chemical Products
62914,Ketones and Quinones,629,Organic chemicals,6,Chemical Products
62915,Saturated Acyclic Monocarboxylic Acids,629,Organic chemicals,6,Chemical Products
62916,Unsaturated Acyclic Monocarboxylic Acids,629,Organic chemicals,6,Chemical Products
62917,Polycarboxylic Acids,629,Organic chemicals,6,Chemical Products
62918,Carboxylic Acids,629,Organic chemicals,6,Chemical Products
62919,Phosphoric Esters and Salts,629,Organic chemicals,6,Chemical Products
62920,Other Esters,629,Organic chemicals,6,Chemical Products
62921,Amine Compounds,629,Organic chemicals,6,Chemical Products
62922,Oxygen Amino Compounds,629,Organic chemicals,6,Chemical Products
62923,Quaternary Ammonium Salts and Hydroxides,629,Organic chemicals,6,Chemical Products
62924,Carboxyamide Compounds,629,Organic chemicals,6,Chemical Products
62925,Carboxyimide Compounds,629,Organic chemicals,6,Chemical Products
62926,Nitrile Compounds,629,Organic chemicals,6,Chemical Products
62927,"Diazo, Azo or Aoxy Compounds",629,Organic chemicals,6,Chemical Products
62928,Hydrazine or Hydroxylamine Derivatives,629,Organic chemicals,6,Chemical Products
62929,Other Nitrogen Compounds,629,Organic chemicals,6,Chemical Products
62930,Organo-Sulfur Compounds,629,Organic chemicals,6,Chemical Products
62931,Other Organo-Inorganic Compounds,629,Organic chemicals,6,Chemical Products
62932,Oxygen Heterocyclic Compounds,629,Organic chemicals,6,Chemical Products
62933,Nitrogen Heterocyclic Compounds,629,Organic chemicals,6,Chemical Products
62934,Nucleic Acids,629,Organic chemicals,6,Chemical Products
62935,Sulfonamides,629,Organic chemicals,6,Chemical Products
62936,Vitamins,629,Organic chemicals,6,Chemical Products
62937,Hormones,629,Organic chemicals,6,Chemical Products
62938,Glycosides,629,Organic chemicals,6,Chemical Products
62939,Vegetable Alkaloids,629,Organic chemicals,6,Chemical Products
62940,Chemically Pure Sugars,629,Organic chemicals,6,Chemical Products
62941,Antibiotics,629,Organic chemicals,6,Chemical Products
62942,Other Organic Compounds,629,Organic chemicals,6,Chemical Products
63001,Glands and Other Organs,630,Pharmaceutical products,6,Chemical Products
63002,"Vaccines, blood, antisera, toxins and cultures",630,Pharmaceutical products,6,Chemical Products
63003,Unpackaged Medicaments,630,Pharmaceutical products,6,Chemical Products
63004,Packaged Medicaments,630,Pharmaceutical products,6,Chemical Products
63005,Bandages,630,Pharmaceutical products,6,Chemical Products
63006,Special Pharmaceuticals,630,Pharmaceutical products,6,Chemical Products
63101,Animal or Vegetable Fertilizers,631,Fertilizers,6,Chemical Products
63102,Nitrogenous Fertilizers,631,Fertilizers,6,Chemical Products
63103,Phosphatic Fertilizers,631,Fertilizers,6,Chemical Products
63104,Potassic Fertilizers,631,Fertilizers,6,Chemical Products
63105,Mixed Mineral or Chemical Fertilizers,631,Fertilizers,6,Chemical Products
63201,Vegetable Tanning Extracts,632,"Paints, dyes, & varnishes",6,Chemical Products
63202,Synthetic Tanning Extracts,632,"Paints, dyes, & varnishes",6,Chemical Products
63203,Vegetable or Animal Dyes,632,"Paints, dyes, & varnishes",6,Chemical Products
63204,Synthetic Coloring Matter,632,"Paints, dyes, & varnishes",6,Chemical Products
63205,Lake Pigments,632,"Paints, dyes, & varnishes",6,Chemical Products
63206,Other Coloring Matter,632,"Paints, dyes, & varnishes",6,Chemical Products
63207,Prepared Pigments,632,"Paints, dyes, & varnishes",6,Chemical Products
63208,Nonaqueous Paints,632,"Paints, dyes, & varnishes",6,Chemical Products
63209,Aqueous Paints,632,"Paints, dyes, & varnishes",6,Chemical Products
63210,Other Paints,632,"Paints, dyes, & varnishes",6,Chemical Products
63211,Prepared Paint Driers,632,"Paints, dyes, & varnishes",6,Chemical Products
63212,Nonaqueous Pigments,632,"Paints, dyes, & varnishes",6,Chemical Products
63213,Artistry Paints,632,"Paints, dyes, & varnishes",6,Chemical Products
63214,Glaziers Putty,632,"Paints, dyes, & varnishes",6,Chemical Products
63215,Ink,632,"Paints, dyes, & varnishes",6,Chemical Products
63301,Essential Oils,633,Perfumery & cosmetics,6,Chemical Products
63302,Scented Mixtures,633,Perfumery & cosmetics,6,Chemical Products
63303,Perfumes,633,Perfumery & cosmetics,6,Chemical Products
63304,Beauty Products,633,Perfumery & cosmetics,6,Chemical Products
63305,Hair Products,633,Perfumery & cosmetics,6,Chemical Products
63306,Dental Products,633,Perfumery & cosmetics,6,Chemical Products
63307,Shaving Products,633,Perfumery & cosmetics,6,Chemical Products
63401,Soap,634,"Soap, cleaners, candles, dental, modelling pastes",6,Chemical Products
63402,Cleaning Products,634,"Soap, cleaners, candles, dental, modelling pastes",6,Chemical Products
63403,Lubricating Products,634,"Soap, cleaners, candles, dental, modelling pastes",6,Chemical Products
63404,Waxes,634,"Soap, cleaners, candles, dental, modelling pastes",6,Chemical Products
63405,Polishes and Creams,634,"Soap, cleaners, candles, dental, modelling pastes",6,Chemical Products
63406,Candles,634,"Soap, cleaners, candles, dental, modelling pastes",6,Chemical Products
63407,Pastes and Waxes,634,"Soap, cleaners, candles, dental, modelling pastes",6,Chemical Products
63501,Casein,635,"Glues, starches, & albuminoid products",6,Chemical Products
63502,Water Soluble Proteins,635,"Glues, starches, & albuminoid products",6,Chemical Products
63503,Gelatin,635,"Glues, starches, & albuminoid products",6,Chemical Products
63504,Peptones,635,"Glues, starches, & albuminoid products",6,Chemical Products
63505,Dextrins,635,"Glues, starches, & albuminoid products",6,Chemical Products
63506,Glues,635,"Glues, starches, & albuminoid products",6,Chemical Products
63507,Enzymes,635,"Glues, starches, & albuminoid products",6,Chemical Products
63601,Propellant Powders,636,"Explosives, matches, & fireworks",6,Chemical Products
63602,Prepared Explosives,636,"Explosives, matches, & fireworks",6,Chemical Products
63603,Detonating Fuses,636,"Explosives, matches, & fireworks",6,Chemical Products
63604,Fireworks,636,"Explosives, matches, & fireworks",6,Chemical Products
63605,Matches,636,"Explosives, matches, & fireworks",6,Chemical Products
63606,Pyrophoric Alloys,636,"Explosives, matches, & fireworks",6,Chemical Products
63701,Photographic Plates,637,Photo & movie goods,6,Chemical Products
63702,Photographic Film,637,Photo & movie goods,6,Chemical Products
63703,Photographic Paper,637,Photo & movie goods,6,Chemical Products
63704,Undeveloped Exposed Photographic Material,637,Photo & movie goods,6,Chemical Products
63705,Developed Exposed Photographic Material,637,Photo & movie goods,6,Chemical Products
63706,"Motion-picture film, exposed and developed",637,Photo & movie goods,6,Chemical Products
63707,Photographic Chemicals,637,Photo & movie goods,6,Chemical Products
63801,Artificial Graphite,638,Chemical products n.e.s.,6,Chemical Products
63802,Activated Carbon,638,Chemical products n.e.s.,6,Chemical Products
63803,Tall Oil,638,Chemical products n.e.s.,6,Chemical Products
63804,Wood Pulp Lyes,638,Chemical products n.e.s.,6,Chemical Products
63805,Turpentine,638,Chemical products n.e.s.,6,Chemical Products
63806,Rosin,638,Chemical products n.e.s.,6,Chemical Products
63807,"Wood Tar, Oils and Pitch",638,Chemical products n.e.s.,6,Chemical Products
63808,Pesticides,638,Chemical products n.e.s.,6,Chemical Products
63809,Dyeing Finishing Agents,638,Chemical products n.e.s.,6,Chemical Products
63810,Metal Pickling Preparations,638,Chemical products n.e.s.,6,Chemical Products
63811,Antiknock,638,Chemical products n.e.s.,6,Chemical Products
63812,Prepared Rubber Accelerators,638,Chemical products n.e.s.,6,Chemical Products
63813,Fire Extinguishers Preparations,638,Chemical products n.e.s.,6,Chemical Products
63814,Organic Composite Solvents,638,Chemical products n.e.s.,6,Chemical Products
63815,Reaction and Catalytic Products,638,Chemical products n.e.s.,6,Chemical Products
63816,Refractory Cements,638,Chemical products n.e.s.,6,Chemical Products
63817,Alkylbenzenes and Alkylnaphthalenes,638,Chemical products n.e.s.,6,Chemical Products
63818,Disc Chemicals for Electronics,638,Chemical products n.e.s.,6,Chemical Products
63819,Hydraulic Brake Fluid,638,Chemical products n.e.s.,6,Chemical Products
63820,Antifreeze,638,Chemical products n.e.s.,6,Chemical Products
63821,Micro-Organism Culture Preparations,638,Chemical products n.e.s.,6,Chemical Products
63822,Laboratory Reagents,638,Chemical products n.e.s.,6,Chemical Products
63823,"Industrial Fatty Acids, Oils and Alcohols",638,Chemical products n.e.s.,6,Chemical Products
73901,Ethylene Polymers,739,Plastics & articles thereof,7,Plastics and Rubbers
73902,Propylene Polymers,739,Plastics & articles thereof,7,Plastics and Rubbers
73903,Styrene Polymers,739,Plastics & articles thereof,7,Plastics and Rubbers
73904,Vinyl Chloride Polymers,739,Plastics & articles thereof,7,Plastics and Rubbers
73905,Other Vinyl Polymers,739,Plastics & articles thereof,7,Plastics and Rubbers
73906,Acrylic Polymers,739,Plastics & articles thereof,7,Plastics and Rubbers
73907,Polyacetals,739,Plastics & articles thereof,7,Plastics and Rubbers
73908,Polyamides,739,Plastics & articles thereof,7,Plastics and Rubbers
73909,Amino-resins,739,Plastics & articles thereof,7,Plastics and Rubbers
73910,Silicone,739,Plastics & articles thereof,7,Plastics and Rubbers
73911,Petroleum Resins,739,Plastics & articles thereof,7,Plastics and Rubbers
73912,Cellulose,739,Plastics & articles thereof,7,Plastics and Rubbers
73913,Natural Polymers,739,Plastics & articles thereof,7,Plastics and Rubbers
73914,Polymer Ion-Exchangers,739,Plastics & articles thereof,7,Plastics and Rubbers
73915,Scrap Plastic,739,Plastics & articles thereof,7,Plastics and Rubbers
73916,Monofilament,739,Plastics & articles thereof,7,Plastics and Rubbers
73917,Plastic Pipes,739,Plastics & articles thereof,7,Plastics and Rubbers
73918,Plastic Floor Coverings,739,Plastics & articles thereof,7,Plastics and Rubbers
73919,Self-adhesive Plastics,739,Plastics & articles thereof,7,Plastics and Rubbers
73920,Raw Plastic Sheeting,739,Plastics & articles thereof,7,Plastics and Rubbers
73921,Other Plastic Sheetings,739,Plastics & articles thereof,7,Plastics and Rubbers
73922,Plastic Wash Basins,739,Plastics & articles thereof,7,Plastics and Rubbers
73923,Plastic Lids,739,Plastics & articles thereof,7,Plastics and Rubbers
73924,Plastic Housewares,739,Plastics & articles thereof,7,Plastics and Rubbers
73925,Plastic Building Materials,739,Plastics & articles thereof,7,Plastics and Rubbers
73926,Other Plastic Products,739,Plastics & articles thereof,7,Plastics and Rubbers
74001,Rubber,740,Rubber & articles thereof,7,Plastics and Rubbers
74002,Synthetic Rubber,740,Rubber & articles thereof,7,Plastics and Rubbers
74003,Reclaimed Rubber,740,Rubber & articles thereof,7,Plastics and Rubbers
74004,Scrap Rubber,740,Rubber & articles thereof,7,Plastics and Rubbers
74005,Compounded Unvulcanised Rubber,740,Rubber & articles thereof,7,Plastics and Rubbers
74006,Unvulcanised Rubber Products,740,Rubber & articles thereof,7,Plastics and Rubbers
74007,Rubber Thread,740,Rubber & articles thereof,7,Plastics and Rubbers
74008,Rubber Sheets,740,Rubber & articles thereof,7,Plastics and Rubbers
74009,Rubber Pipes,740,Rubber & articles thereof,7,Plastics and Rubbers
74010,Rubber Belting,740,Rubber & articles thereof,7,Plastics and Rubbers
74011,Rubber Tires,740,Rubber & articles thereof,7,Plastics and Rubbers
74012,Used Rubber Tires,740,Rubber & articles thereof,7,Plastics and Rubbers
74013,Rubber Inner Tubes,740,Rubber & articles thereof,7,Plastics and Rubbers
74014,Pharmaceutical Rubber Products,740,Rubber & articles thereof,7,Plastics and Rubbers
74015,Rubber Apparel,740,Rubber & articles thereof,7,Plastics and Rubbers
74016,Other Rubber Products,740,Rubber & articles thereof,7,Plastics and Rubbers
74017,Hard Rubber,740,Rubber & articles thereof,7,Plastics and Rubbers
84101,Equine and Bovine Hides,841,Raw hides & skin (non-fur),8,Animal Hides
84102,Sheep Hides,841,Raw hides & skin (non-fur),8,Animal Hides
84103,Other Hides and Skins,841,Raw hides & skin (non-fur),8,Animal Hides
84104,Tanned Equine and Bovine Hides,841,Raw hides & skin (non-fur),8,Animal Hides
84105,Tanned Sheep Hides,841,Raw hides & skin (non-fur),8,Animal Hides
84106,Tanned Goat Hides,841,Raw hides & skin (non-fur),8,Animal Hides
84107,Leather of Other Animals,841,Raw hides & skin (non-fur),8,Animal Hides
84108,Chamois Leather,841,Raw hides & skin (non-fur),8,Animal Hides
84109,Patent Leather,841,Raw hides & skin (non-fur),8,Animal Hides
84110,Leather Waste,841,Raw hides & skin (non-fur),8,Animal Hides
84111,Leather Sheets,841,Raw hides & skin (non-fur),8,Animal Hides
84201,Saddlery,842,Leather articles,8,Animal Hides
84202,Trunks and Cases,842,Leather articles,8,Animal Hides
84203,Leather Apparel,842,Leather articles,8,Animal Hides
84204,Leather Used in Machinery,842,Leather articles,8,Animal Hides
84205,Other Leather Articles,842,Leather articles,8,Animal Hides
84206,Articles of Gut,842,Leather articles,8,Animal Hides
84301,Raw Furskins,843,"Furskins, articifial fur, & articles",8,Animal Hides
84302,Tanned Furskins,843,"Furskins, articifial fur, & articles",8,Animal Hides
84303,Furskin Apparel,843,"Furskins, articifial fur, & articles",8,Animal Hides
84304,Artificial Fur,843,"Furskins, articifial fur, & articles",8,Animal Hides
94401,Fuel Wood,944,"Wood, wood articles, & charcoal",9,Wood Products
94402,Wood Charcoal,944,"Wood, wood articles, & charcoal",9,Wood Products
94403,Rough Wood,944,"Wood, wood articles, & charcoal",9,Wood Products
94404,Wood Stakes,944,"Wood, wood articles, & charcoal",9,Wood Products
94405,Wood Wool,944,"Wood, wood articles, & charcoal",9,Wood Products
94406,Railroad Ties,944,"Wood, wood articles, & charcoal",9,Wood Products
94407,Sawn Wood,944,"Wood, wood articles, & charcoal",9,Wood Products
94408,Veneer Sheets,944,"Wood, wood articles, & charcoal",9,Wood Products
94409,Shaped Wood,944,"Wood, wood articles, & charcoal",9,Wood Products
94410,Particle Board,944,"Wood, wood articles, & charcoal",9,Wood Products
94411,Wood Fiberboard,944,"Wood, wood articles, & charcoal",9,Wood Products
94412,Plywood,944,"Wood, wood articles, & charcoal",9,Wood Products
94413,Densified Wood,944,"Wood, wood articles, & charcoal",9,Wood Products
94414,Wood Frames,944,"Wood, wood articles, & charcoal",9,Wood Products
94415,Wood Crates,944,"Wood, wood articles, & charcoal",9,Wood Products
94416,Wood Barrels,944,"Wood, wood articles, & charcoal",9,Wood Products
94417,Wooden Tool Handles,944,"Wood, wood articles, & charcoal",9,Wood Products
94418,Wood Carpentry,944,"Wood, wood articles, & charcoal",9,Wood Products
94419,Wood Kitchenware,944,"Wood, wood articles, & charcoal",9,Wood Products
94420,Wood Ornaments,944,"Wood, wood articles, & charcoal",9,Wood Products
94421,Other Wood Articles,944,"Wood, wood articles, & charcoal",9,Wood Products
94501,Raw Cork,945,Cork & cork articles,9,Wood Products
94502,Debacked Cork,945,Cork & cork articles,9,Wood Products
94503,Natural Cork Articles,945,Cork & cork articles,9,Wood Products
94504,Agglomerated Cork,945,Cork & cork articles,9,Wood Products
94601,Plaiting Products,946,Straw & esparto manufactures,9,Wood Products
94602,Basketwork,946,Straw & esparto manufactures,9,Wood Products
104701,Mechanical Wood Pulp,1047,Wood pulp & paper scrap,10,Paper Goods
104702,Dissolving Grades Chemical Woodpulp,1047,Wood pulp & paper scrap,10,Paper Goods
104703,Sulfate Chemical Woodpulp,1047,Wood pulp & paper scrap,10,Paper Goods
104704,Sulfite Chemical Woodpulp,1047,Wood pulp & paper scrap,10,Paper Goods
104705,Semi chemical Woodpulp,1047,Wood pulp & paper scrap,10,Paper Goods
104706,Recovered Paper Pulp,1047,Wood pulp & paper scrap,10,Paper Goods
104707,Recovered Paper,1047,Wood pulp & paper scrap,10,Paper Goods
104801,Newsprint,1048,Paper articles,10,Paper Goods
104802,Uncoated Paper,1048,Paper articles,10,Paper Goods
104803,Tissue,1048,Paper articles,10,Paper Goods
104804,Kraft Paper,1048,Paper articles,10,Paper Goods
104805,Other Uncoated Paper,1048,Paper articles,10,Paper Goods
104806,Vegetable Parchment,1048,Paper articles,10,Paper Goods
104807,Composite Paper,1048,Paper articles,10,Paper Goods
104808,Corrugated Paper,1048,Paper articles,10,Paper Goods
104809,Carbon Paper,1048,Paper articles,10,Paper Goods
104810,Kaolin Coated Paper,1048,Paper articles,10,Paper Goods
104811,Cellulose Fibers Paper,1048,Paper articles,10,Paper Goods
104812,Paper Pulp Filter Blocks,1048,Paper articles,10,Paper Goods
104813,Cigarette Paper,1048,Paper articles,10,Paper Goods
104814,Wallpaper,1048,Paper articles,10,Paper Goods
104815,Paper Floor Coverings,1048,Paper articles,10,Paper Goods
104816,Other Carbon Paper,1048,Paper articles,10,Paper Goods
104817,Letter Stock,1048,Paper articles,10,Paper Goods
104818,Toilet Paper,1048,Paper articles,10,Paper Goods
104819,Paper Containers,1048,Paper articles,10,Paper Goods
104820,Paper Notebooks,1048,Paper articles,10,Paper Goods
104821,Paper Labels,1048,Paper articles,10,Paper Goods
104822,Paper Spools,1048,Paper articles,10,Paper Goods
104823,Shaped Paper,1048,Paper articles,10,Paper Goods
104901,Brochures,1049,"Books, newspapers, & other prints",10,Paper Goods
104902,Newspapers,1049,"Books, newspapers, & other prints",10,Paper Goods
104903,Children's Picture Books,1049,"Books, newspapers, & other prints",10,Paper Goods
104904,Sheet Music,1049,"Books, newspapers, & other prints",10,Paper Goods
104905,Maps,1049,"Books, newspapers, & other prints",10,Paper Goods
104906,Architectural Plans,1049,"Books, newspapers, & other prints",10,Paper Goods
104907,Documents of title (bonds etc) and unused stamps,1049,"Books, newspapers, & other prints",10,Paper Goods
104908,Decals,1049,"Books, newspapers, & other prints",10,Paper Goods
104909,Postcards,1049,"Books, newspapers, & other prints",10,Paper Goods
104910,Calendars,1049,"Books, newspapers, & other prints",10,Paper Goods
104911,Other Printed Material,1049,"Books, newspapers, & other prints",10,Paper Goods
115001,Silk-worm Cocoons,1150,Silk,11,Textiles
115002,Raw Silk,1150,Silk,11,Textiles
115003,Silk Waste,1150,Silk,11,Textiles
115004,Non-Retail Silk Yarn,1150,Silk,11,Textiles
115005,Silk Waste Yarn,1150,Silk,11,Textiles
115006,Retail Silk Yarn,1150,Silk,11,Textiles
115007,Silk Fabrics,1150,Silk,11,Textiles
115101,Wool,1151,Wool & animal hair,11,Textiles
115102,Animal Hair,1151,Wool & animal hair,11,Textiles
115103,Wool or Animal Hair Waste,1151,Wool & animal hair,11,Textiles
115104,Garnetted Wool or Animal Hair,1151,Wool & animal hair,11,Textiles
115105,Prepared Wool or Animal Hair,1151,Wool & animal hair,11,Textiles
115106,Non-Retail Carded Wool Yarn,1151,Wool & animal hair,11,Textiles
115107,Non-Retail Combed Wool Yarn,1151,Wool & animal hair,11,Textiles
115108,Non-Retail Animal Hair Yarn,1151,Wool & animal hair,11,Textiles
115109,Retail Wool or Animal Hair Yarn,1151,Wool & animal hair,11,Textiles
115110,Horsehair Yarn,1151,Wool & animal hair,11,Textiles
115111,Carded Wool or Animal Hair Fabric,1151,Wool & animal hair,11,Textiles
115112,Combed Wool or Animal Hair Fabric,1151,Wool & animal hair,11,Textiles
115113,Horsehair Fabric,1151,Wool & animal hair,11,Textiles
115201,Raw Cotton,1152,Cotton,11,Textiles
115202,Cotton Waste,1152,Cotton,11,Textiles
115203,Prepared Cotton,1152,Cotton,11,Textiles
115204,Cotton Sewing Thread,1152,Cotton,11,Textiles
115205,Non-Retail Pure Cotton Yarn,1152,Cotton,11,Textiles
115206,Non-Retail Mixed Cotton Yarn,1152,Cotton,11,Textiles
115207,Retail Cotton Yarn,1152,Cotton,11,Textiles
115208,Light Pure Woven Cotton,1152,Cotton,11,Textiles
115209,Heavy Pure Woven Cotton,1152,Cotton,11,Textiles
115210,Light Mixed Woven Cotton,1152,Cotton,11,Textiles
115211,Heavy Mixed Woven Cotton,1152,Cotton,11,Textiles
115212,Other Cotton Fabrics,1152,Cotton,11,Textiles
115301,Flax Fibers,1153,"Vegetable textile fibers, paper yarn & fabrics",11,Textiles
115302,Hemp Fibers,1153,"Vegetable textile fibers, paper yarn & fabrics",11,Textiles
115303,Jute and Other Textile Fibers,1153,"Vegetable textile fibers, paper yarn & fabrics",11,Textiles
115304,"Sisal, Agave, raw, processed, not spun, tow and waste",1153,"Vegetable textile fibers, paper yarn & fabrics",11,Textiles
115305,Coconut and Other Vegetable Fibers,1153,"Vegetable textile fibers, paper yarn & fabrics",11,Textiles
115306,Flax Yarn,1153,"Vegetable textile fibers, paper yarn & fabrics",11,Textiles
115307,Jute Yarn,1153,"Vegetable textile fibers, paper yarn & fabrics",11,Textiles
115308,Other Vegetable Fibers Yarn,1153,"Vegetable textile fibers, paper yarn & fabrics",11,Textiles
115309,Flax Woven Fabric,1153,"Vegetable textile fibers, paper yarn & fabrics",11,Textiles
115310,Jute Woven Fabric,1153,"Vegetable textile fibers, paper yarn & fabrics",11,Textiles
115311,Other Vegetable Fibers Fabric,1153,"Vegetable textile fibers, paper yarn & fabrics",11,Textiles
115401,Artificial Filament Sewing Thread,1154,Man-made filaments,11,Textiles
115402,Non-Retail Synthetic Filament Yarn,1154,Man-made filaments,11,Textiles
115403,Non-Retail Artificial Filament Yarn,1154,Man-made filaments,11,Textiles
115404,Synthetic Monofilament,1154,Man-made filaments,11,Textiles
115405,Artificial Monofilament,1154,Man-made filaments,11,Textiles
115406,Retail Artificial Filament Yarn,1154,Man-made filaments,11,Textiles
115407,Synthetic Filament Yarn Woven Fabric,1154,Man-made filaments,11,Textiles
115408,Artificial Filament Yarn Woven Fabric,1154,Man-made filaments,11,Textiles
115501,Synthetic Filament Tow,1155,Man-made staple fibres,11,Textiles
115502,Artificial Filament Tow,1155,Man-made staple fibres,11,Textiles
115503,Unprocessed Synthetic Staple Fibers,1155,Man-made staple fibres,11,Textiles
115504,Unprocessed Artificial Staple Fibers,1155,Man-made staple fibres,11,Textiles
115505,Artificial Fibers Waste,1155,Man-made staple fibres,11,Textiles
115506,Processed Synthetic Staple Fibers,1155,Man-made staple fibres,11,Textiles
115507,Processed Artificial Staple Fibers,1155,Man-made staple fibres,11,Textiles
115508,Non-Retail Artificial Staple Fibers Sewing Thread,1155,Man-made staple fibres,11,Textiles
115509,Non-Retail Synthetic Staple Fibers Yarn,1155,Man-made staple fibres,11,Textiles
115510,Non-Retail Artificial Staple Fibers Yarn,1155,Man-made staple fibres,11,Textiles
115511,Retail Artificial Staple Fibers Yarn,1155,Man-made staple fibres,11,Textiles
115512,Synthetic Fabrics,1155,Man-made staple fibres,11,Textiles
115513,Light Synthetic Cotton Fabrics,1155,Man-made staple fibres,11,Textiles
115514,Heavy Synthetic Cotton Fabrics,1155,Man-made staple fibres,11,Textiles
115515,Other Synthetic Fabrics,1155,Man-made staple fibres,11,Textiles
115516,Woven Fabric of Synthetic Staple Fibers,1155,Man-made staple fibres,11,Textiles
115601,Wadding,1156,"Wadding, felt, nonwovens, twin, ropes, & articles thereof",11,Textiles
115602,Felt,1156,"Wadding, felt, nonwovens, twin, ropes, & articles thereof",11,Textiles
115603,Non-woven Textiles,1156,"Wadding, felt, nonwovens, twin, ropes, & articles thereof",11,Textiles
115604,Rubber Textiles,1156,"Wadding, felt, nonwovens, twin, ropes, & articles thereof",11,Textiles
115605,Metallic Yarn,1156,"Wadding, felt, nonwovens, twin, ropes, & articles thereof",11,Textiles
115606,Gimp Yarn,1156,"Wadding, felt, nonwovens, twin, ropes, & articles thereof",11,Textiles
115607,Twine and Rope,1156,"Wadding, felt, nonwovens, twin, ropes, & articles thereof",11,Textiles
115608,"Twine, cordage or rope; knotted netting, made up fishing nets and other made up nets, of textile materials",1156,"Wadding, felt, nonwovens, twin, ropes, & articles thereof",11,Textiles
115609,Other Articles of Twine and Rope,1156,"Wadding, felt, nonwovens, twin, ropes, & articles thereof",11,Textiles
115701,Knotted Carpets,1157,Carpets & textile floor covers,11,Textiles
115702,Hand-Woven Rugs,1157,Carpets & textile floor covers,11,Textiles
115703,Tufted Carpets,1157,Carpets & textile floor covers,11,Textiles
115704,Felt Carpets,1157,Carpets & textile floor covers,11,Textiles
115705,Other Carpets,1157,Carpets & textile floor covers,11,Textiles
115801,Woven Fabrics,1158,Special woven fabrics and tapestries,11,Textiles
115802,Terry Fabric,1158,Special woven fabrics and tapestries,11,Textiles
115803,Gauze,1158,Special woven fabrics and tapestries,11,Textiles
115804,Tulles and Net Fabric,1158,Special woven fabrics and tapestries,11,Textiles
115805,Hand-Woven Tapestries,1158,Special woven fabrics and tapestries,11,Textiles
115806,Narrow Woven Fabric,1158,Special woven fabrics and tapestries,11,Textiles
115807,Labels,1158,Special woven fabrics and tapestries,11,Textiles
115808,Ornamental Trimmings,1158,Special woven fabrics and tapestries,11,Textiles
115809,Metallic Fabric,1158,Special woven fabrics and tapestries,11,Textiles
115810,Embroidery,1158,Special woven fabrics and tapestries,11,Textiles
115811,Quilted Textiles,1158,Special woven fabrics and tapestries,11,Textiles
115901,Gum Coated Textile Fabric,1159,"Coated, covered, & laminated fabrics for industrial use",11,Textiles
115902,Polyamide Fabric,1159,"Coated, covered, & laminated fabrics for industrial use",11,Textiles
115903,Plastic Coated Textile Fabric,1159,"Coated, covered, & laminated fabrics for industrial use",11,Textiles
115904,Linoleum,1159,"Coated, covered, & laminated fabrics for industrial use",11,Textiles
115905,Textile Wall Coverings,1159,"Coated, covered, & laminated fabrics for industrial use",11,Textiles
115906,Rubber Textile Fabric,1159,"Coated, covered, & laminated fabrics for industrial use",11,Textiles
115907,Coated Textile Fabric,1159,"Coated, covered, & laminated fabrics for industrial use",11,Textiles
115908,Textile Wicks,1159,"Coated, covered, & laminated fabrics for industrial use",11,Textiles
115909,Hose Piping Textiles,1159,"Coated, covered, & laminated fabrics for industrial use",11,Textiles
115910,Conveyor Belt Textiles,1159,"Coated, covered, & laminated fabrics for industrial use",11,Textiles
115911,Textiles for technical uses,1159,"Coated, covered, & laminated fabrics for industrial use",11,Textiles
116001,Pile Fabric,1160,Knitted fabrics,11,Textiles
116002,Light Rubberized Knitted Fabric,1160,Knitted fabrics,11,Textiles
116101,Knit Men's Coats,1161,Knitted clothing accesories,11,Textiles
116102,Knit Women's Coats,1161,Knitted clothing accesories,11,Textiles
116103,Knit Men's Suits,1161,Knitted clothing accesories,11,Textiles
116104,Knit Women's Suits,1161,Knitted clothing accesories,11,Textiles
116105,Knit Men's Shirts,1161,Knitted clothing accesories,11,Textiles
116106,Knit Women's Shirts,1161,Knitted clothing accesories,11,Textiles
116107,Knit Men's Undergarments,1161,Knitted clothing accesories,11,Textiles
116108,Knit Women's Undergarments,1161,Knitted clothing accesories,11,Textiles
116109,Knit T-shirts,1161,Knitted clothing accesories,11,Textiles
116110,Knit Sweaters,1161,Knitted clothing accesories,11,Textiles
116111,Knit Babies' Garments,1161,Knitted clothing accesories,11,Textiles
116112,Knit Active Wear,1161,Knitted clothing accesories,11,Textiles
116113,Garments of Impregnated Fabric,1161,Knitted clothing accesories,11,Textiles
116114,Other Knit Garments,1161,Knitted clothing accesories,11,Textiles
116115,Knit Socks and Hosiery,1161,Knitted clothing accesories,11,Textiles
116116,Knit Gloves,1161,Knitted clothing accesories,11,Textiles
116117,Other Knit Clothing Accessories,1161,Knitted clothing accesories,11,Textiles
116201,Non-Knit Men's Coats,1162,Non-knitted clothing accesories,11,Textiles
116202,Non-Knit Women's Coats,1162,Non-knitted clothing accesories,11,Textiles
116203,Non-Knit Men's Suits,1162,Non-knitted clothing accesories,11,Textiles
116204,Non-Knit Women's Suits,1162,Non-knitted clothing accesories,11,Textiles
116205,Non-Knit Men's Shirts,1162,Non-knitted clothing accesories,11,Textiles
116206,Non-Knit Women's Shirts,1162,Non-knitted clothing accesories,11,Textiles
116207,Non-Knit Men's Undergarments,1162,Non-knitted clothing accesories,11,Textiles
116208,Non-Knit Women's Undergarments,1162,Non-knitted clothing accesories,11,Textiles
116209,Non-Knit Babies' Garments,1162,Non-knitted clothing accesories,11,Textiles
116210,Felt or Coated Fabric Garments,1162,Non-knitted clothing accesories,11,Textiles
116211,Non-Knit Active Wear,1162,Non-knitted clothing accesories,11,Textiles
116212,Other Women's Undergarments,1162,Non-knitted clothing accesories,11,Textiles
116213,Handkerchiefs,1162,Non-knitted clothing accesories,11,Textiles
116214,Scarves,1162,Non-knitted clothing accesories,11,Textiles
116215,Neck Ties,1162,Non-knitted clothing accesories,11,Textiles
116216,Non-Knit Gloves,1162,Non-knitted clothing accesories,11,Textiles
116217,Other Non-Knit Clothing Accessories,1162,Non-knitted clothing accesories,11,Textiles
116301,Blankets,1163,Used clothes & textile articles,11,Textiles
116302,House Linens,1163,Used clothes & textile articles,11,Textiles
116303,Window Dressings,1163,Used clothes & textile articles,11,Textiles
116304,Bedspreads,1163,Used clothes & textile articles,11,Textiles
116305,Packing Bags,1163,Used clothes & textile articles,11,Textiles
116306,"Awnings, Tents, and Sails",1163,Used clothes & textile articles,11,Textiles
116307,Other Cloth Articles,1163,Used clothes & textile articles,11,Textiles
116308,Packaged Sewing Sets,1163,Used clothes & textile articles,11,Textiles
116309,Used Clothing,1163,Used clothes & textile articles,11,Textiles
116310,Textile Scraps,1163,Used clothes & textile articles,11,Textiles
126401,Waterproof Footwear,1264,Footwear,12,Footwear and Headwear
126402,Rubber Footwear,1264,Footwear,12,Footwear and Headwear
126403,Leather Footwear,1264,Footwear,12,Footwear and Headwear
126404,Textile Footwear,1264,Footwear,12,Footwear and Headwear
126405,Other Footwear,1264,Footwear,12,Footwear and Headwear
126406,Footwear Parts,1264,Footwear,12,Footwear and Headwear
126501,Hat Forms,1265,Headgear,12,Footwear and Headwear
126502,Hat Shapes,1265,Headgear,12,Footwear and Headwear
126503,Felt Hats,1265,Headgear,12,Footwear and Headwear
126504,Hats,1265,Headgear,12,Footwear and Headwear
126505,Knitted Hats,1265,Headgear,12,Footwear and Headwear
126506,Other Headwear,1265,Headgear,12,Footwear and Headwear
126507,Headbands and Linings,1265,Headgear,12,Footwear and Headwear
126601,Umbrellas,1266,"Umbrellas, walking sticks, & whips",12,Footwear and Headwear
126602,Walking Sticks,1266,"Umbrellas, walking sticks, & whips",12,Footwear and Headwear
126603,Umbrella and Walking Stick Accessories,1266,"Umbrellas, walking sticks, & whips",12,Footwear and Headwear
126701,Bird Skins and Feathers,1267,"Feather articles, feathers, artificial flowers, & articles of human hair",12,Footwear and Headwear
126702,Artificial Vegetation,1267,"Feather articles, feathers, artificial flowers, & articles of human hair",12,Footwear and Headwear
126703,Processed Hair,1267,"Feather articles, feathers, artificial flowers, & articles of human hair",12,Footwear and Headwear
126704,Fake Hair,1267,"Feather articles, feathers, artificial flowers, & articles of human hair",12,Footwear and Headwear
136801,Curbstones,1368,"Stone, plaster, cement, asbestos, mica.",13,Stone And Glass
136802,Building Stone,1368,"Stone, plaster, cement, asbestos, mica.",13,Stone And Glass
136803,Worked Slate,1368,"Stone, plaster, cement, asbestos, mica.",13,Stone And Glass
136804,Milling Stones,1368,"Stone, plaster, cement, asbestos, mica.",13,Stone And Glass
136805,Abrasive Powder,1368,"Stone, plaster, cement, asbestos, mica.",13,Stone And Glass
136806,Rock Wool,1368,"Stone, plaster, cement, asbestos, mica.",13,Stone And Glass
136807,Asphalt,1368,"Stone, plaster, cement, asbestos, mica.",13,Stone And Glass
136808,Vegetable Fiber,1368,"Stone, plaster, cement, asbestos, mica.",13,Stone And Glass
136809,Plaster Articles,1368,"Stone, plaster, cement, asbestos, mica.",13,Stone And Glass
136810,Cement Articles,1368,"Stone, plaster, cement, asbestos, mica.",13,Stone And Glass
136811,Asbestos Cement Articles,1368,"Stone, plaster, cement, asbestos, mica.",13,Stone And Glass
136812,Asbestos Fibres,1368,"Stone, plaster, cement, asbestos, mica.",13,Stone And Glass
136813,Friction Material,1368,"Stone, plaster, cement, asbestos, mica.",13,Stone And Glass
136814,Processed Mica,1368,"Stone, plaster, cement, asbestos, mica.",13,Stone And Glass
136815,Other Stone Articles,1368,"Stone, plaster, cement, asbestos, mica.",13,Stone And Glass
136901,Bricks,1369,Ceramic products,13,Stone And Glass
136902,Refractory Bricks,1369,Ceramic products,13,Stone And Glass
136903,Refractory Ceramics,1369,Ceramic products,13,Stone And Glass
136904,Ceramic Bricks,1369,Ceramic products,13,Stone And Glass
136905,Roofing Tiles,1369,Ceramic products,13,Stone And Glass
136906,Ceramic Pipes,1369,Ceramic products,13,Stone And Glass
136907,Unglazed Ceramics,1369,Ceramic products,13,Stone And Glass
136908,Glazed Ceramics,1369,Ceramic products,13,Stone And Glass
136909,Laboratory Ceramic Ware,1369,Ceramic products,13,Stone And Glass
136910,Bathroom Ceramics,1369,Ceramic products,13,Stone And Glass
136911,Porcelain Tableware,1369,Ceramic products,13,Stone And Glass
136912,Ceramic Tableware,1369,Ceramic products,13,Stone And Glass
136913,Ornamental Ceramics,1369,Ceramic products,13,Stone And Glass
136914,Other Ceramic Articles,1369,Ceramic products,13,Stone And Glass
137001,Glass Scraps,1370,Glass & glassware,13,Stone And Glass
137002,Glass Balls,1370,Glass & glassware,13,Stone And Glass
137003,Cast or Rolled Glass,1370,Glass & glassware,13,Stone And Glass
137004,Blown Glass,1370,Glass & glassware,13,Stone And Glass
137005,Float Glass,1370,Glass & glassware,13,Stone And Glass
137006,Glass with Edge Workings,1370,Glass & glassware,13,Stone And Glass
137007,Safety Glass,1370,Glass & glassware,13,Stone And Glass
137008,Insulating Glass,1370,Glass & glassware,13,Stone And Glass
137009,Glass Mirrors,1370,Glass & glassware,13,Stone And Glass
137010,Glass Bottles,1370,Glass & glassware,13,Stone And Glass
137011,Glass Bulbs,1370,Glass & glassware,13,Stone And Glass
137012,Vacuum Flasks Glass Inners,1370,Glass & glassware,13,Stone And Glass
137013,Interior Decorative Glassware,1370,Glass & glassware,13,Stone And Glass
137014,Signaling Glassware,1370,Glass & glassware,13,Stone And Glass
137015,Eyewear and Clock Glass,1370,Glass & glassware,13,Stone And Glass
137016,Glass Bricks,1370,Glass & glassware,13,Stone And Glass
137017,Laboratory Glassware,1370,Glass & glassware,13,Stone And Glass
137018,Glass Beads,1370,Glass & glassware,13,Stone And Glass
137019,Glass Fibers,1370,Glass & glassware,13,Stone And Glass
137020,Other Glass Articles,1370,Glass & glassware,13,Stone And Glass
147101,Pearls,1471,"Precious stones, metals, & pearls",14,Precious Metals
147102,Diamonds,1471,"Precious stones, metals, & pearls",14,Precious Metals
147103,Precious Stones,1471,"Precious stones, metals, & pearls",14,Precious Metals
147104,Synthetic Reconstructed Jewellery Stones,1471,"Precious stones, metals, & pearls",14,Precious Metals
147105,Precious Stone Dust,1471,"Precious stones, metals, & pearls",14,Precious Metals
147106,Silver,1471,"Precious stones, metals, & pearls",14,Precious Metals
147107,Silver Clad Metals,1471,"Precious stones, metals, & pearls",14,Precious Metals
147108,Gold,1471,"Precious stones, metals, & pearls",14,Precious Metals
147109,Gold Clad Metals,1471,"Precious stones, metals, & pearls",14,Precious Metals
147110,Platinum,1471,"Precious stones, metals, & pearls",14,Precious Metals
147111,Platinum Clad Metals,1471,"Precious stones, metals, & pearls",14,Precious Metals
147112,Precious Metal Scraps,1471,"Precious stones, metals, & pearls",14,Precious Metals
147113,Jewellery,1471,"Precious stones, metals, & pearls",14,Precious Metals
147114,Metal-Clad Products,1471,"Precious stones, metals, & pearls",14,Precious Metals
147115,Other Precious Metal Products,1471,"Precious stones, metals, & pearls",14,Precious Metals
147116,Pearl Products,1471,"Precious stones, metals, & pearls",14,Precious Metals
147117,Imitation Jewellery,1471,"Precious stones, metals, & pearls",14,Precious Metals
147118,Coin,1471,"Precious stones, metals, & pearls",14,Precious Metals
157201,Pig Iron,1572,Iron & steel,15,Metals
157202,Ferroalloys,1572,Iron & steel,15,Metals
157203,Iron Reductions,1572,Iron & steel,15,Metals
157204,Scrap Iron,1572,Iron & steel,15,Metals
157205,Iron Powder,1572,Iron & steel,15,Metals
157206,Iron Ingots,1572,Iron & steel,15,Metals
157207,Semi-Finished Iron,1572,Iron & steel,15,Metals
157208,Hot-Rolled Iron,1572,Iron & steel,15,Metals
157209,Cold-Rolled Iron,1572,Iron & steel,15,Metals
157210,Coated Flat-Rolled Iron,1572,Iron & steel,15,Metals
157211,Large Flat-Rolled Iron,1572,Iron & steel,15,Metals
157212,Large Coated Flat-Rolled Iron,1572,Iron & steel,15,Metals
157213,Hot-Rolled Iron Bars,1572,Iron & steel,15,Metals
157214,Raw Iron Bars,1572,Iron & steel,15,Metals
157215,Other Iron Bars,1572,Iron & steel,15,Metals
157216,Iron Blocks,1572,Iron & steel,15,Metals
157217,Iron Wire,1572,Iron & steel,15,Metals
157218,Stainless Steel Ingots,1572,Iron & steel,15,Metals
157219,Large Flat-Rolled Stainless Steel,1572,Iron & steel,15,Metals
157220,Flat-Rolled Stainless Steel,1572,Iron & steel,15,Metals
157221,Hot-Rolled Stainless Steel Bars,1572,Iron & steel,15,Metals
157222,Other Stainless Steel Bars,1572,Iron & steel,15,Metals
157223,Stainless Steel Wire,1572,Iron & steel,15,Metals
157224,Steel Ingots,1572,Iron & steel,15,Metals
157225,Flat Flat-Rolled Steel,1572,Iron & steel,15,Metals
157226,Flat-Rolled Iron,1572,Iron & steel,15,Metals
157227,Steel Bars,1572,Iron & steel,15,Metals
157228,Other Steel Bars,1572,Iron & steel,15,Metals
157229,Steel Wire,1572,Iron & steel,15,Metals
157301,Iron Sheet Piling,1573,Iron or steel articles,15,Metals
157302,Iron Railway Products,1573,Iron or steel articles,15,Metals
157303,Cast Iron Pipes,1573,Iron or steel articles,15,Metals
157304,Iron Pipes,1573,Iron or steel articles,15,Metals
157305,Other Large Iron Pipes,1573,Iron or steel articles,15,Metals
157306,Other Small Iron Pipes,1573,Iron or steel articles,15,Metals
157307,Iron Pipe Fittings,1573,Iron or steel articles,15,Metals
157308,Iron Structures,1573,Iron or steel articles,15,Metals
157309,Large Iron Containers,1573,Iron or steel articles,15,Metals
157310,Small Iron Containers,1573,Iron or steel articles,15,Metals
157311,Iron Gas Containers,1573,Iron or steel articles,15,Metals
157312,Stranded Iron Wire,1573,Iron or steel articles,15,Metals
157313,Barbed Wire,1573,Iron or steel articles,15,Metals
157314,Iron Cloth,1573,Iron or steel articles,15,Metals
157315,Iron Chains,1573,Iron or steel articles,15,Metals
157316,Iron Anchors,1573,Iron or steel articles,15,Metals
157317,Iron Nails,1573,Iron or steel articles,15,Metals
157318,Iron Fasteners,1573,Iron or steel articles,15,Metals
157319,Iron Sewing Needles,1573,Iron or steel articles,15,Metals
157320,Iron Springs,1573,Iron or steel articles,15,Metals
157321,Iron Stovetops,1573,Iron or steel articles,15,Metals
157322,Iron Radiators,1573,Iron or steel articles,15,Metals
157323,Iron Housewares,1573,Iron or steel articles,15,Metals
157324,Iron Toiletry,1573,Iron or steel articles,15,Metals
157325,Other Cast Iron Products,1573,Iron or steel articles,15,Metals
157326,Other Iron Products,1573,Iron or steel articles,15,Metals
157401,Precipitated Copper,1574,Copper articles,15,Metals
157402,Raw Copper,1574,Copper articles,15,Metals
157403,Refined Copper,1574,Copper articles,15,Metals
157404,Scrap Copper,1574,Copper articles,15,Metals
157405,Copper Alloys,1574,Copper articles,15,Metals
157406,Copper Powder,1574,Copper articles,15,Metals
157407,Copper Bars,1574,Copper articles,15,Metals
157408,Copper Wire,1574,Copper articles,15,Metals
157409,Copper Plating,1574,Copper articles,15,Metals
157410,Copper Foil,1574,Copper articles,15,Metals
157411,Copper Pipes,1574,Copper articles,15,Metals
157412,Copper Pipe Fittings,1574,Copper articles,15,Metals
157413,Stranded Copper Wire,1574,Copper articles,15,Metals
157414,Endless Copper Wire Bands,1574,Copper articles,15,Metals
157415,Copper Fasteners,1574,Copper articles,15,Metals
157416,Copper Springs,1574,Copper articles,15,Metals
157417,Copper Stovetops,1574,Copper articles,15,Metals
157418,Copper Housewares,1574,Copper articles,15,Metals
157419,Other Copper Products,1574,Copper articles,15,Metals
157501,Nickel Mattes,1575,Nickel articles,15,Metals
157502,Raw Nickel,1575,Nickel articles,15,Metals
157503,Scrap Nickel,1575,Nickel articles,15,Metals
157504,Nickel Powder,1575,Nickel articles,15,Metals
157505,Nickel Bars,1575,Nickel articles,15,Metals
157506,Nickel Sheets,1575,Nickel articles,15,Metals
157507,Nickel Pipes,1575,Nickel articles,15,Metals
157508,Other Nickel Products,1575,Nickel articles,15,Metals
157601,Raw Aluminium,1576,Aluminum articles,15,Metals
157602,Scrap Aluminium,1576,Aluminum articles,15,Metals
157603,Aluminium Powder,1576,Aluminum articles,15,Metals
157604,Aluminium Bars,1576,Aluminum articles,15,Metals
157605,Aluminium Wire,1576,Aluminum articles,15,Metals
157606,Aluminium Plating,1576,Aluminum articles,15,Metals
157607,Aluminium Foil,1576,Aluminum articles,15,Metals
157608,Aluminium Pipes,1576,Aluminum articles,15,Metals
157609,Aluminium Pipe Fittings,1576,Aluminum articles,15,Metals
157610,Aluminium Structures,1576,Aluminum articles,15,Metals
157611,Large Aluminium Containers,1576,Aluminum articles,15,Metals
157612,Aluminium Cans,1576,Aluminum articles,15,Metals
157613,Aluminium Gas Containers,1576,Aluminum articles,15,Metals
157614,Stranded Aluminium Wire,1576,Aluminum articles,15,Metals
157615,Aluminium Housewares,1576,Aluminum articles,15,Metals
157616,Other Aluminium Products,1576,Aluminum articles,15,Metals
157801,Raw Lead,1578,Lead articles,15,Metals
157802,Scrap Lead,1578,Lead articles,15,Metals
157803,Lead Bars,1578,Lead articles,15,Metals
157804,Lead Sheets,1578,Lead articles,15,Metals
157805,Lead Pipes,1578,Lead articles,15,Metals
157806,Other Lead Products,1578,Lead articles,15,Metals
157901,Raw Zinc,1579,Zinc articles,15,Metals
157902,Scrap Waste,1579,Zinc articles,15,Metals
157903,Zinc Powder,1579,Zinc articles,15,Metals
157904,Zinc Bars,1579,Zinc articles,15,Metals
157905,Zinc Sheets,1579,Zinc articles,15,Metals
157906,Zinc Pipes,1579,Zinc articles,15,Metals
157907,Other Zinc Products,1579,Zinc articles,15,Metals
158001,Raw Tin,1580,Tin articles,15,Metals
158002,Scrap Tin,1580,Tin articles,15,Metals
158003,Tin Bars,1580,Tin articles,15,Metals
158004,Tin Plating,1580,Tin articles,15,Metals
158005,Tin Foil,1580,Tin articles,15,Metals
158006,Tin pipes or tubes and pipe fittings,1580,Tin articles,15,Metals
158007,Other Tin Products,1580,Tin articles,15,Metals
158101,Tungsten,1581,Cermet articles,15,Metals
158102,Molybdenum,1581,Cermet articles,15,Metals
158103,Tantalum,1581,Cermet articles,15,Metals
158104,Magnesium,1581,Cermet articles,15,Metals
158105,Cobalt,1581,Cermet articles,15,Metals
158106,Bismuth,1581,Cermet articles,15,Metals
158107,Cadmium,1581,Cermet articles,15,Metals
158108,Titanium,1581,Cermet articles,15,Metals
158109,Zirconium,1581,Cermet articles,15,Metals
158110,Antimony,1581,Cermet articles,15,Metals
158111,Manganese,1581,Cermet articles,15,Metals
158112,Other Metals,1581,Cermet articles,15,Metals
158113,Cermets,1581,Cermet articles,15,Metals
158201,Garden Tools,1582,Tools & cutlery,15,Metals
158202,Hand Saws,1582,Tools & cutlery,15,Metals
158203,Hand Tools,1582,Tools & cutlery,15,Metals
158204,Wrenches,1582,Tools & cutlery,15,Metals
158205,Other Hand Tools,1582,Tools & cutlery,15,Metals
158206,Tool Sets,1582,Tools & cutlery,15,Metals
158207,Interchangeable Tool Parts,1582,Tools & cutlery,15,Metals
158208,Cutting Blades,1582,Tools & cutlery,15,Metals
158209,Tool Plates,1582,Tools & cutlery,15,Metals
158210,Cooking Hand Tools,1582,Tools & cutlery,15,Metals
158211,Knives,1582,Tools & cutlery,15,Metals
158212,Razor Blades,1582,Tools & cutlery,15,Metals
158213,Scissors,1582,Tools & cutlery,15,Metals
158214,Other Cutlery,1582,Tools & cutlery,15,Metals
158215,Cutlery Sets,1582,Tools & cutlery,15,Metals
158301,Padlocks,1583,Miscellaneous metal products,15,Metals
158302,Metal Mountings,1583,Miscellaneous metal products,15,Metals
158303,Safes,1583,Miscellaneous metal products,15,Metals
158304,Filing Cabinets,1583,Miscellaneous metal products,15,Metals
158305,Metal Office Supplies,1583,Miscellaneous metal products,15,Metals
158306,Bells and Other Metal Ornaments,1583,Miscellaneous metal products,15,Metals
158307,Flexible Metal Tubing,1583,Miscellaneous metal products,15,Metals
158308,Other Metal Fasteners,1583,Miscellaneous metal products,15,Metals
158309,Metal Stoppers,1583,Miscellaneous metal products,15,Metals
158310,Metal Signs,1583,Miscellaneous metal products,15,Metals
158311,Coated Metal Soldering Products,1583,Miscellaneous metal products,15,Metals
168401,Nuclear Reactors,1684,"Machinery, mechanical appliances, & parts",16,Machines
168402,Steam Boilers,1684,"Machinery, mechanical appliances, & parts",16,Machines
168403,Central Heating Boilers,1684,"Machinery, mechanical appliances, & parts",16,Machines
168404,Boiler Plants,1684,"Machinery, mechanical appliances, & parts",16,Machines
168405,Water and Gas Generators,1684,"Machinery, mechanical appliances, & parts",16,Machines
168406,Steam Turbines,1684,"Machinery, mechanical appliances, & parts",16,Machines
168407,Spark-Ignition Engines,1684,"Machinery, mechanical appliances, & parts",16,Machines
168408,Combustion Engines,1684,"Machinery, mechanical appliances, & parts",16,Machines
168409,Engine Parts,1684,"Machinery, mechanical appliances, & parts",16,Machines
168410,Hydraulic Turbines,1684,"Machinery, mechanical appliances, & parts",16,Machines
168411,Gas Turbines,1684,"Machinery, mechanical appliances, & parts",16,Machines
168412,Other Engines,1684,"Machinery, mechanical appliances, & parts",16,Machines
168413,Liquid Pumps,1684,"Machinery, mechanical appliances, & parts",16,Machines
168414,Air Pumps,1684,"Machinery, mechanical appliances, & parts",16,Machines
168415,Air Conditioners,1684,"Machinery, mechanical appliances, & parts",16,Machines
168416,Liquid Fuel Furnaces,1684,"Machinery, mechanical appliances, & parts",16,Machines
168417,Industrial Furnaces,1684,"Machinery, mechanical appliances, & parts",16,Machines
168418,Refrigerators,1684,"Machinery, mechanical appliances, & parts",16,Machines
168419,Other Heating Machinery,1684,"Machinery, mechanical appliances, & parts",16,Machines
168420,Rolling Machines,1684,"Machinery, mechanical appliances, & parts",16,Machines
168421,Centrifuges,1684,"Machinery, mechanical appliances, & parts",16,Machines
168422,Washing and Bottling Machines,1684,"Machinery, mechanical appliances, & parts",16,Machines
168423,Scales,1684,"Machinery, mechanical appliances, & parts",16,Machines
168424,Liquid Dispersing Machines,1684,"Machinery, mechanical appliances, & parts",16,Machines
168425,Pulley Systems,1684,"Machinery, mechanical appliances, & parts",16,Machines
168426,Cranes,1684,"Machinery, mechanical appliances, & parts",16,Machines
168427,Fork-Lifts,1684,"Machinery, mechanical appliances, & parts",16,Machines
168428,Lifting Machinery,1684,"Machinery, mechanical appliances, & parts",16,Machines
168429,Large Construction Vehicles,1684,"Machinery, mechanical appliances, & parts",16,Machines
168430,Other Construction Vehicles,1684,"Machinery, mechanical appliances, & parts",16,Machines
168431,Excavation Machinery,1684,"Machinery, mechanical appliances, & parts",16,Machines
168432,Soil Preparation Machinery,1684,"Machinery, mechanical appliances, & parts",16,Machines
168433,Harvesting Machinery,1684,"Machinery, mechanical appliances, & parts",16,Machines
168434,Dairy Machinery,1684,"Machinery, mechanical appliances, & parts",16,Machines
168435,Fruit Pressing Machinery,1684,"Machinery, mechanical appliances, & parts",16,Machines
168436,Other Agricultural Machinery,1684,"Machinery, mechanical appliances, & parts",16,Machines
168437,Mill Machinery,1684,"Machinery, mechanical appliances, & parts",16,Machines
168438,Industrial Food Preperation Machinery,1684,"Machinery, mechanical appliances, & parts",16,Machines
168439,Papermaking Machines,1684,"Machinery, mechanical appliances, & parts",16,Machines
168440,Book-binding Machines,1684,"Machinery, mechanical appliances, & parts",16,Machines
168441,Other Paper Machinery,1684,"Machinery, mechanical appliances, & parts",16,Machines
168442,Print Production Machinery,1684,"Machinery, mechanical appliances, & parts",16,Machines
168443,Industrial Printers,1684,"Machinery, mechanical appliances, & parts",16,Machines
168444,Artificial Textile Machinery,1684,"Machinery, mechanical appliances, & parts",16,Machines
168445,Textile Fiber Machinery,1684,"Machinery, mechanical appliances, & parts",16,Machines
168446,Looms,1684,"Machinery, mechanical appliances, & parts",16,Machines
168447,Knitting Machines,1684,"Machinery, mechanical appliances, & parts",16,Machines
168448,Knitting Machine Accessories,1684,"Machinery, mechanical appliances, & parts",16,Machines
168449,Felt Machinery,1684,"Machinery, mechanical appliances, & parts",16,Machines
168450,Household Washing Machines,1684,"Machinery, mechanical appliances, & parts",16,Machines
168451,Textile Processing Machines,1684,"Machinery, mechanical appliances, & parts",16,Machines
168452,Sewing Machines,1684,"Machinery, mechanical appliances, & parts",16,Machines
168453,Leather Machinery,1684,"Machinery, mechanical appliances, & parts",16,Machines
168454,Casting Machines,1684,"Machinery, mechanical appliances, & parts",16,Machines
168455,Metal-Rolling Mills,1684,"Machinery, mechanical appliances, & parts",16,Machines
168456,Non-Mechanical Removal Machinery,1684,"Machinery, mechanical appliances, & parts",16,Machines
168457,Metalworking Transfer Machines,1684,"Machinery, mechanical appliances, & parts",16,Machines
168458,Metal Lathes,1684,"Machinery, mechanical appliances, & parts",16,Machines
168459,Drilling Machines,1684,"Machinery, mechanical appliances, & parts",16,Machines
168460,Metal Finishing Machines,1684,"Machinery, mechanical appliances, & parts",16,Machines
168461,Metalworking Machines,1684,"Machinery, mechanical appliances, & parts",16,Machines
168462,Forging Machines,1684,"Machinery, mechanical appliances, & parts",16,Machines
168463,Other Non-Metal Removal Machinery,1684,"Machinery, mechanical appliances, & parts",16,Machines
168464,Stone Working Machines,1684,"Machinery, mechanical appliances, & parts",16,Machines
168465,Woodworking machines,1684,"Machinery, mechanical appliances, & parts",16,Machines
168466,Metalworking Machine Parts,1684,"Machinery, mechanical appliances, & parts",16,Machines
168467,Motor-working Tools,1684,"Machinery, mechanical appliances, & parts",16,Machines
168468,Soldering and Welding Machinery,1684,"Machinery, mechanical appliances, & parts",16,Machines
168469,Typewriters,1684,"Machinery, mechanical appliances, & parts",16,Machines
168470,Calculators,1684,"Machinery, mechanical appliances, & parts",16,Machines
168471,Computers,1684,"Machinery, mechanical appliances, & parts",16,Machines
168472,Other Office Machines,1684,"Machinery, mechanical appliances, & parts",16,Machines
168473,Office Machine Parts,1684,"Machinery, mechanical appliances, & parts",16,Machines
168474,Stone Processing Machines,1684,"Machinery, mechanical appliances, & parts",16,Machines
168475,Glass Working Machines,1684,"Machinery, mechanical appliances, & parts",16,Machines
168476,Vending Machines,1684,"Machinery, mechanical appliances, & parts",16,Machines
168477,Rubberworking Machinery,1684,"Machinery, mechanical appliances, & parts",16,Machines
168478,Tobacco Processing Machines,1684,"Machinery, mechanical appliances, & parts",16,Machines
168479,Machinery Having Individual Functions,1684,"Machinery, mechanical appliances, & parts",16,Machines
168480,Metal Molds,1684,"Machinery, mechanical appliances, & parts",16,Machines
168481,Valves,1684,"Machinery, mechanical appliances, & parts",16,Machines
168482,Ball Bearings,1684,"Machinery, mechanical appliances, & parts",16,Machines
168483,Transmissions,1684,"Machinery, mechanical appliances, & parts",16,Machines
168484,Gaskets,1684,"Machinery, mechanical appliances, & parts",16,Machines
168485,Machines for additive manufacturing,1684,"Machinery, mechanical appliances, & parts",16,Machines
168501,Electric Motors,1685,Electrical machinery and electronics,16,Machines
168502,Electric Generating Sets,1685,Electrical machinery and electronics,16,Machines
168503,Electric Motor Parts,1685,Electrical machinery and electronics,16,Machines
168504,Electrical Transformers,1685,Electrical machinery and electronics,16,Machines
168505,Electromagnets,1685,Electrical machinery and electronics,16,Machines
168506,Batteries,1685,Electrical machinery and electronics,16,Machines
168507,Electric Batteries,1685,Electrical machinery and electronics,16,Machines
168508,Vacuum Cleaners,1685,Electrical machinery and electronics,16,Machines
168509,Other Domestic Electric Housewares,1685,Electrical machinery and electronics,16,Machines
168510,Hair Trimmers,1685,Electrical machinery and electronics,16,Machines
168511,Electrical Ignitions,1685,Electrical machinery and electronics,16,Machines
168512,Electrical Lighting and Signalling Equipment,1685,Electrical machinery and electronics,16,Machines
168513,Portable Lighting,1685,Electrical machinery and electronics,16,Machines
168514,Electric Furnaces,1685,Electrical machinery and electronics,16,Machines
168515,Electric Soldering Equipment,1685,Electrical machinery and electronics,16,Machines
168516,Electric Heaters,1685,Electrical machinery and electronics,16,Machines
168517,Telephones,1685,Electrical machinery and electronics,16,Machines
168518,Microphones and Headphones,1685,Electrical machinery and electronics,16,Machines
168519,Sound Recording Equipment,1685,Electrical machinery and electronics,16,Machines
168520,Dictation Machines,1685,Electrical machinery and electronics,16,Machines
168521,Video Recording Equipment,1685,Electrical machinery and electronics,16,Machines
168522,Audio and Video Recording Accessories,1685,Electrical machinery and electronics,16,Machines
168523,Blank Audio Media,1685,Electrical machinery and electronics,16,Machines
168524,"Flat panel display modules, whether or not incorporating touch-sensitive screens",1685,Electrical machinery and electronics,16,Machines
168525,Broadcasting Equipment,1685,Electrical machinery and electronics,16,Machines
168526,Navigation Equipment,1685,Electrical machinery and electronics,16,Machines
168527,Radio Receivers,1685,Electrical machinery and electronics,16,Machines
168528,Video Displays,1685,Electrical machinery and electronics,16,Machines
168529,Broadcasting Accessories,1685,Electrical machinery and electronics,16,Machines
168530,Traffic Signals,1685,Electrical machinery and electronics,16,Machines
168531,Audio Alarms,1685,Electrical machinery and electronics,16,Machines
168532,Electrical Capacitors,1685,Electrical machinery and electronics,16,Machines
168533,Electrical Resistors,1685,Electrical machinery and electronics,16,Machines
168534,Printed Circuit Boards,1685,Electrical machinery and electronics,16,Machines
168535,High-voltage Protection Equipment,1685,Electrical machinery and electronics,16,Machines
168536,Low-voltage Protection Equipment,1685,Electrical machinery and electronics,16,Machines
168537,Electrical Control Boards,1685,Electrical machinery and electronics,16,Machines
168538,Electrical Power Accessories,1685,Electrical machinery and electronics,16,Machines
168539,Electric Filament,1685,Electrical machinery and electronics,16,Machines
168540,Cathode Tubes,1685,Electrical machinery and electronics,16,Machines
168541,Semiconductor Devices,1685,Electrical machinery and electronics,16,Machines
168542,Integrated Circuits,1685,Electrical machinery and electronics,16,Machines
168543,Other Electrical Machinery,1685,Electrical machinery and electronics,16,Machines
168544,Insulated Wire,1685,Electrical machinery and electronics,16,Machines
168545,Carbon-based Electronics,1685,Electrical machinery and electronics,16,Machines
168546,Electrical Insulators,1685,Electrical machinery and electronics,16,Machines
168547,Metal Insulating Fittings,1685,Electrical machinery and electronics,16,Machines
168548,Electrical Parts,1685,Electrical machinery and electronics,16,Machines
178601,Electric Locomotives,1786,Railway and trams,17,Transportation
178602,Other Locomotives,1786,Railway and trams,17,Transportation
178603,Self-Propelled Rail Transport,1786,Railway and trams,17,Transportation
178604,Railway Maintenance Vehicles,1786,Railway and trams,17,Transportation
178605,Railway Passenger Cars,1786,Railway and trams,17,Transportation
178606,Railway Freight Cars,1786,Railway and trams,17,Transportation
178607,Locomotive Parts,1786,Railway and trams,17,Transportation
178608,Railway Track Fixtures,1786,Railway and trams,17,Transportation
178609,Railway Cargo Containers,1786,Railway and trams,17,Transportation
178701,Tractors,1787,"Cars, tractors, trucks & parts thereof.",17,Transportation
178702,Buses,1787,"Cars, tractors, trucks & parts thereof.",17,Transportation
178703,Cars,1787,"Cars, tractors, trucks & parts thereof.",17,Transportation
178704,Delivery Trucks,1787,"Cars, tractors, trucks & parts thereof.",17,Transportation
178705,Special purpose motor vehicles,1787,"Cars, tractors, trucks & parts thereof.",17,Transportation
178706,Motor vehicle (8701 to 8705) chassis fitted with engine,1787,"Cars, tractors, trucks & parts thereof.",17,Transportation
178707,Vehicle Bodies (including cabs) for the motor vehicles (8701 to 8705),1787,"Cars, tractors, trucks & parts thereof.",17,Transportation
178708,Motor vehicles; parts and accessories (8701 to 8705),1787,"Cars, tractors, trucks & parts thereof.",17,Transportation
178709,Work Trucks,1787,"Cars, tractors, trucks & parts thereof.",17,Transportation
178710,Tanks and Armored vehicles,1787,"Cars, tractors, trucks & parts thereof.",17,Transportation
178711,Motorcycles and cycles,1787,"Cars, tractors, trucks & parts thereof.",17,Transportation
178712,"Bicycles, delivery tricycles, other cycles",1787,"Cars, tractors, trucks & parts thereof.",17,Transportation
178713,Wheelchairs,1787,"Cars, tractors, trucks & parts thereof.",17,Transportation
178714,Bi-Wheel Vehicle Parts,1787,"Cars, tractors, trucks & parts thereof.",17,Transportation
178715,Baby Carriages,1787,"Cars, tractors, trucks & parts thereof.",17,Transportation
178716,"Trailers and semi-trailers, not mechanically propelled vehicles",1787,"Cars, tractors, trucks & parts thereof.",17,Transportation
178801,Non-powered Aircraft,1788,Aircraft and spacecraft,17,Transportation
178802,"Planes, Helicopters, and/or Spacecraft",1788,Aircraft and spacecraft,17,Transportation
178803,Aircraft Parts,1788,Aircraft and spacecraft,17,Transportation
178804,Parachutes,1788,Aircraft and spacecraft,17,Transportation
178805,Aircraft Launch Gear,1788,Aircraft and spacecraft,17,Transportation
178901,Passenger and Cargo Ships,1789,"Ships, boats, & floating structures",17,Transportation
178902,Fishing Ships,1789,"Ships, boats, & floating structures",17,Transportation
178903,Recreational Boats,1789,"Ships, boats, & floating structures",17,Transportation
178904,Tug Boats,1789,"Ships, boats, & floating structures",17,Transportation
178905,Special Purpose Ships,1789,"Ships, boats, & floating structures",17,Transportation
178906,Other Sea Vessels,1789,"Ships, boats, & floating structures",17,Transportation
178907,Other Floating Structures,1789,"Ships, boats, & floating structures",17,Transportation
178908,Scrap Vessels,1789,"Ships, boats, & floating structures",17,Transportation
189001,Optical Fibers and optical fibre bundles,1890,"Optical, photo, & film equipment; medical instruments",18,Instruments
189002,Mirrors and Lenses,1890,"Optical, photo, & film equipment; medical instruments",18,Instruments
189003,Eyewear Frames,1890,"Optical, photo, & film equipment; medical instruments",18,Instruments
189004,Eyewear,1890,"Optical, photo, & film equipment; medical instruments",18,Instruments
189005,Binoculars and Telescopes,1890,"Optical, photo, & film equipment; medical instruments",18,Instruments
189006,Cameras,1890,"Optical, photo, & film equipment; medical instruments",18,Instruments
189007,Video Cameras,1890,"Optical, photo, & film equipment; medical instruments",18,Instruments
189008,Image Projectors,1890,"Optical, photo, & film equipment; medical instruments",18,Instruments
189009,Photocopiers,1890,"Optical, photo, & film equipment; medical instruments",18,Instruments
189010,Photo Lab Equipment,1890,"Optical, photo, & film equipment; medical instruments",18,Instruments
189011,Microscopes,1890,"Optical, photo, & film equipment; medical instruments",18,Instruments
189012,Non-optical Microscopes,1890,"Optical, photo, & film equipment; medical instruments",18,Instruments
189013,LCDs,1890,"Optical, photo, & film equipment; medical instruments",18,Instruments
189014,Compasses,1890,"Optical, photo, & film equipment; medical instruments",18,Instruments
189015,Surveying Equipment,1890,"Optical, photo, & film equipment; medical instruments",18,Instruments
189016,Balances,1890,"Optical, photo, & film equipment; medical instruments",18,Instruments
189017,Drafting Tools,1890,"Optical, photo, & film equipment; medical instruments",18,Instruments
189018,Medical Instruments,1890,"Optical, photo, & film equipment; medical instruments",18,Instruments
189019,Therapeutic Appliances,1890,"Optical, photo, & film equipment; medical instruments",18,Instruments
189020,Breathing Appliances,1890,"Optical, photo, & film equipment; medical instruments",18,Instruments
189021,Orthopedic Appliances,1890,"Optical, photo, & film equipment; medical instruments",18,Instruments
189022,X-Ray Equipment,1890,"Optical, photo, & film equipment; medical instruments",18,Instruments
189023,Instructional Models,1890,"Optical, photo, & film equipment; medical instruments",18,Instruments
189024,Tensile Testing Machines,1890,"Optical, photo, & film equipment; medical instruments",18,Instruments
189025,Hydrometers,1890,"Optical, photo, & film equipment; medical instruments",18,Instruments
189026,Gas and Liquid Flow Measuring Instruments,1890,"Optical, photo, & film equipment; medical instruments",18,Instruments
189027,Chemical Analysis Instruments,1890,"Optical, photo, & film equipment; medical instruments",18,Instruments
189028,Utility Meters,1890,"Optical, photo, & film equipment; medical instruments",18,Instruments
189029,Revolution Counters,1890,"Optical, photo, & film equipment; medical instruments",18,Instruments
189030,Oscilloscopes,1890,"Optical, photo, & film equipment; medical instruments",18,Instruments
189031,Other Measuring Instruments,1890,"Optical, photo, & film equipment; medical instruments",18,Instruments
189032,Thermostats,1890,"Optical, photo, & film equipment; medical instruments",18,Instruments
189033,Opto-Electric Instrument Parts,1890,"Optical, photo, & film equipment; medical instruments",18,Instruments
189101,Precious Metal Watches,1891,"Clocks, watches, & parts",18,Instruments
189102,Base Metal Watches,1891,"Clocks, watches, & parts",18,Instruments
189103,Clocks with Watch Movements,1891,"Clocks, watches, & parts",18,Instruments
189104,Dashboard Clocks,1891,"Clocks, watches, & parts",18,Instruments
189105,Other Clocks,1891,"Clocks, watches, & parts",18,Instruments
189106,Time Recording Instruments,1891,"Clocks, watches, & parts",18,Instruments
189107,Time Switches,1891,"Clocks, watches, & parts",18,Instruments
189108,Watch Movements,1891,"Clocks, watches, & parts",18,Instruments
189109,Clock Movements,1891,"Clocks, watches, & parts",18,Instruments
189110,Incomplete Movement Sets,1891,"Clocks, watches, & parts",18,Instruments
189111,Watch Cases and Parts,1891,"Clocks, watches, & parts",18,Instruments
189112,Clock Cases and Parts,1891,"Clocks, watches, & parts",18,Instruments
189113,Watch Straps,1891,"Clocks, watches, & parts",18,Instruments
189114,Other Clocks and Watches,1891,"Clocks, watches, & parts",18,Instruments
189201,Pianos,1892,Musical instruments,18,Instruments
189202,String Instruments,1892,Musical instruments,18,Instruments
189203,Pipe Organs,1892,Musical instruments,18,Instruments
189204,Accordions,1892,Musical instruments,18,Instruments
189205,Wind Instruments,1892,Musical instruments,18,Instruments
189206,Percussion,1892,Musical instruments,18,Instruments
189207,Electric Musical Instruments,1892,Musical instruments,18,Instruments
189208,Other Musical Instruments,1892,Musical instruments,18,Instruments
189209,Musical Instrument Parts,1892,Musical instruments,18,Instruments
199301,Military Weapons,1993,Weapons,19,Weapons
199302,Handguns,1993,Weapons,19,Weapons
199303,Other Firearms,1993,Weapons,19,Weapons
199304,"Spring, Air, and Gas Guns",1993,Weapons,19,Weapons
199305,Weapons Parts and Accessories,1993,Weapons,19,Weapons
199306,Explosive Ammunition,1993,Weapons,19,Weapons
199307,Bladed Weapons and Accessories,1993,Weapons,19,Weapons
209401,Seats,2094,"Furniture, bedding, lamps, & prefab buildings",20,Miscellaneous
209402,Medical Furniture,2094,"Furniture, bedding, lamps, & prefab buildings",20,Miscellaneous
209403,Other Furniture,2094,"Furniture, bedding, lamps, & prefab buildings",20,Miscellaneous
209404,Mattresses,2094,"Furniture, bedding, lamps, & prefab buildings",20,Miscellaneous
209405,Light Fixtures,2094,"Furniture, bedding, lamps, & prefab buildings",20,Miscellaneous
209406,Prefabricated Buildings,2094,"Furniture, bedding, lamps, & prefab buildings",20,Miscellaneous
209501,Wheeled Toys,2095,"Toys, games, & sports",20,Miscellaneous
209502,Dolls,2095,"Toys, games, & sports",20,Miscellaneous
209503,Other toys,2095,"Toys, games, & sports",20,Miscellaneous
209504,Video and Card Games,2095,"Toys, games, & sports",20,Miscellaneous
209505,Party Decorations,2095,"Toys, games, & sports",20,Miscellaneous
209506,Sports Equipment,2095,"Toys, games, & sports",20,Miscellaneous
209507,Fishing and Hunting Equipment,2095,"Toys, games, & sports",20,Miscellaneous
209508,Fairground Amusements,2095,"Toys, games, & sports",20,Miscellaneous
209601,Worked Ivory and Bone,2096,Misc. manufactures,20,Miscellaneous
209602,Vegetable and Mineral Carvings,2096,Misc. manufactures,20,Miscellaneous
209603,Brooms,2096,Misc. manufactures,20,Miscellaneous
209604,Hand Sifters,2096,Misc. manufactures,20,Miscellaneous
209605,Travel Kits,2096,Misc. manufactures,20,Miscellaneous
209606,Buttons,2096,Misc. manufactures,20,Miscellaneous
209607,Zippers,2096,Misc. manufactures,20,Miscellaneous
209608,Pens,2096,Misc. manufactures,20,Miscellaneous
209609,Pencils and Crayons,2096,Misc. manufactures,20,Miscellaneous
209610,Chalkboards,2096,Misc. manufactures,20,Miscellaneous
209611,Rubber Stamps,2096,Misc. manufactures,20,Miscellaneous
209612,Ink Ribbons,2096,Misc. manufactures,20,Miscellaneous
209613,Lighters,2096,Misc. manufactures,20,Miscellaneous
209614,Smoking Pipes,2096,Misc. manufactures,20,Miscellaneous
209615,Combs,2096,Misc. manufactures,20,Miscellaneous
209616,Scent Sprays,2096,Misc. manufactures,20,Miscellaneous
209617,Vacuum Flask,2096,Misc. manufactures,20,Miscellaneous
209618,Mannequins,2096,Misc. manufactures,20,Miscellaneous
219701,Paintings,2197,Art & antiques,21,Arts and Antiques
219702,Prints,2197,Art & antiques,21,Arts and Antiques
219703,Sculptures,2197,Art & antiques,21,Arts and Antiques
219704,Revenue Stamps,2197,Art & antiques,21,Arts and Antiques
219705,Collector's Items,2197,Art & antiques,21,Arts and Antiques
219706,Antiques,2197,Art & antiques,21,Arts and Antiques
